{"v":"5.6.1","fr":29.9700012207031,"ip":0,"op":78.0000031770051,"w":500,"h":500,"nm":"litle prince full1","ddd":0,"assets":[],"layers":[{"ddd":0,"ind":1,"ty":4,"nm":"Shape Layer 2","sr":1,"ks":{"o":{"a":0,"k":100,"ix":11},"r":{"a":0,"k":0,"ix":10},"p":{"a":1,"k":[{"i":{"x":0.667,"y":1},"o":{"x":0.333,"y":0},"t":0,"s":[250,250,0],"to":[0,4.167,0],"ti":[0,0,0]},{"i":{"x":0.667,"y":1},"o":{"x":0.333,"y":0},"t":39,"s":[250,275,0],"to":[0,0,0],"ti":[0,4.167,0]},{"t":78.0000031770051,"s":[250,250,0]}],"ix":2},"a":{"a":0,"k":[0,0,0],"ix":1},"s":{"a":0,"k":[100,100,100],"ix":6}},"ao":0,"shapes":[],"ip":0,"op":79.000003217736,"st":0,"bm":0},{"ddd":0,"ind":2,"ty":4,"nm":"Layer 4 Outlines","sr":1,"ks":{"o":{"a":0,"k":100,"ix":11},"r":{"a":0,"k":0,"ix":10},"p":{"a":1,"k":[{"i":{"x":0.667,"y":1},"o":{"x":0.333,"y":0},"t":0,"s":[303.32,188.896,0],"to":[0,4.167,0],"ti":[0,0,0]},{"i":{"x":0.667,"y":1},"o":{"x":0.333,"y":0},"t":39,"s":[303.32,213.896,0],"to":[0,0,0],"ti":[0,4.167,0]},{"t":78.0000031770051,"s":[303.32,188.896,0]}],"ix":2},"a":{"a":0,"k":[6.791,8.915,0],"ix":1},"s":{"a":0,"k":[100,100,100],"ix":6}},"ao":0,"shapes":[{"ty":"gr","it":[{"ind":0,"ty":"sh","ix":1,"ks":{"a":0,"k":{"i":[[0,0],[-0.629,0.951],[-1.123,0.199],[-0.112,-0.091],[0.003,-0.315],[-0.442,0.09],[-0.291,0.345],[0.669,0.756],[-0.183,0.618],[0.466,0.446],[0.08,0.164],[0.023,0.429],[0.603,0.1],[0.501,-0.305],[-0.12,-0.573],[0.47,-0.067],[0.241,-0.409],[-0.046,-0.311],[0.909,-1.208],[0.513,-0.527],[-0.034,-0.43],[-0.211,-0.225],[-1.1,-0.419]],"o":[[0.352,-1.085],[0.629,-0.951],[0.142,-0.025],[0.245,0.198],[-0.003,0.451],[0.442,-0.089],[0.649,-0.772],[0.634,-0.12],[0.184,-0.619],[-0.133,-0.127],[-0.19,-0.387],[-0.031,-0.612],[-0.58,-0.096],[-0.501,0.304],[0.259,-0.398],[-0.471,0.066],[-0.159,0.271],[0.047,0.31],[-0.719,-0.156],[-0.301,0.308],[0.024,0.308],[0.803,0.86],[0,0]],"v":[[-4.291,6.414],[-2.951,3.279],[-0.256,1.328],[0.16,1.384],[0.173,2.281],[1.152,2.94],[2.226,2.16],[2.742,-0.56],[4.107,-1.792],[3.637,-3.572],[3.269,-3.974],[3.368,-5.24],[2.061,-6.318],[0.356,-6.064],[-0.365,-4.582],[-1.09,-5.452],[-2.136,-4.56],[-2.395,-3.672],[-2.82,-2.396],[-3.614,-2.245],[-4.204,-1.142],[-3.761,-0.348],[-0.857,1.605]],"c":false},"ix":2},"nm":"Path 1","mn":"ADBE Vector Shape - Group","hd":false},{"ty":"st","c":{"a":0,"k":[0.097871645759,0.080222275678,0.083276127834,1],"ix":3},"o":{"a":0,"k":100,"ix":4},"w":{"a":0,"k":1,"ix":5},"lc":2,"lj":1,"ml":10,"bm":0,"nm":"Stroke 1","mn":"ADBE Vector Graphic - Stroke","hd":false},{"ty":"tr","p":{"a":0,"k":[6.791,8.915],"ix":2},"a":{"a":0,"k":[0,0],"ix":1},"s":{"a":0,"k":[100,100],"ix":3},"r":{"a":0,"k":0,"ix":6},"o":{"a":0,"k":100,"ix":7},"sk":{"a":0,"k":0,"ix":4},"sa":{"a":0,"k":0,"ix":5},"nm":"Transform"}],"nm":"Group 1","np":2,"cix":2,"bm":0,"ix":1,"mn":"ADBE Vector Group","hd":false}],"ip":0,"op":79.000003217736,"st":0,"bm":0},{"ddd":0,"ind":3,"ty":4,"nm":"Layer 5 Outlines","sr":1,"ks":{"o":{"a":0,"k":100,"ix":11},"r":{"a":0,"k":0,"ix":10},"p":{"a":1,"k":[{"i":{"x":0.667,"y":1},"o":{"x":0.333,"y":0},"t":0,"s":[362.321,181.681,0],"to":[0,4.167,0],"ti":[0,0,0]},{"i":{"x":0.667,"y":1},"o":{"x":0.333,"y":0},"t":39,"s":[362.321,206.681,0],"to":[0,0,0],"ti":[0,4.167,0]},{"t":78.0000031770051,"s":[362.321,181.681,0]}],"ix":2},"a":{"a":0,"k":[19.53,22.832,0],"ix":1},"s":{"a":0,"k":[100,100,100],"ix":6}},"ao":0,"shapes":[{"ty":"gr","it":[{"ind":0,"ty":"sh","ix":1,"ks":{"a":0,"k":{"i":[[0,0],[-0.326,1.975],[1.313,1.511],[1.654,-1.126],[0.254,-0.42],[-1.133,-0.812],[-0.225,1.375]],"o":[[0.906,-1.784],[0.326,-1.974],[-1.313,-1.51],[-0.406,0.277],[-0.722,1.192],[1.132,0.812],[0,0]],"v":[[1.926,6.673],[4.058,1.087],[2.747,-4.573],[-2.654,-5.547],[-3.661,-4.486],[-3.072,-0.729],[0.219,-1.913]],"c":false},"ix":2},"nm":"Path 1","mn":"ADBE Vector Shape - Group","hd":false},{"ty":"st","c":{"a":0,"k":[0.097871645759,0.080222275678,0.083276127834,1],"ix":3},"o":{"a":0,"k":100,"ix":4},"w":{"a":0,"k":1,"ix":5},"lc":2,"lj":1,"ml":10,"bm":0,"nm":"Stroke 1","mn":"ADBE Vector Graphic - Stroke","hd":false},{"ty":"tr","p":{"a":0,"k":[13.497,16.336],"ix":2},"a":{"a":0,"k":[0,0],"ix":1},"s":{"a":0,"k":[100,100],"ix":3},"r":{"a":0,"k":0,"ix":6},"o":{"a":0,"k":100,"ix":7},"sk":{"a":0,"k":0,"ix":4},"sa":{"a":0,"k":0,"ix":5},"nm":"Transform"}],"nm":"Group 1","np":2,"cix":2,"bm":0,"ix":1,"mn":"ADBE Vector Group","hd":false},{"ty":"gr","it":[{"ind":0,"ty":"sh","ix":1,"ks":{"a":0,"k":{"i":[[0,0],[-2.261,2.414],[-3.08,-1.204],[-0.369,-1.071],[0.139,-0.708],[1.576,-1.079],[0.37,-0.055],[0.427,0.623],[-1.452,0.42]],"o":[[1.058,-3.133],[2.261,-2.414],[1.055,0.412],[0.236,0.682],[-0.369,1.873],[-0.307,0.212],[-0.747,0.111],[-0.853,-1.247],[0,0]],"v":[[-8.051,6.304],[-3.549,-2.447],[5.408,-5.1],[7.815,-2.855],[7.88,-0.717],[4.807,3.946],[3.795,4.404],[1.888,3.41],[2.894,-0.345]],"c":false},"ix":2},"nm":"Path 1","mn":"ADBE Vector Shape - Group","hd":false},{"ty":"st","c":{"a":0,"k":[0.097871645759,0.080222275678,0.083276127834,1],"ix":3},"o":{"a":0,"k":100,"ix":4},"w":{"a":0,"k":1,"ix":5},"lc":2,"lj":1,"ml":10,"bm":0,"nm":"Stroke 1","mn":"ADBE Vector Graphic - Stroke","hd":false},{"ty":"tr","p":{"a":0,"k":[20.985,22.06],"ix":2},"a":{"a":0,"k":[0,0],"ix":1},"s":{"a":0,"k":[100,100],"ix":3},"r":{"a":0,"k":0,"ix":6},"o":{"a":0,"k":100,"ix":7},"sk":{"a":0,"k":0,"ix":4},"sa":{"a":0,"k":0,"ix":5},"nm":"Transform"}],"nm":"Group 2","np":2,"cix":2,"bm":0,"ix":2,"mn":"ADBE Vector Group","hd":false},{"ty":"gr","it":[{"ind":0,"ty":"sh","ix":1,"ks":{"a":0,"k":{"i":[[0,0],[-2.03,4.896],[-0.978,2.707],[-2.388,3.85],[-2.29,1.48],[-2.197,-1.615],[2.346,-1.39],[0.626,1.42],[-1.429,-0.607]],"o":[[4.265,-3.146],[1.101,-2.659],[1.54,-4.261],[1.437,-2.317],[2.29,-1.48],[2.197,1.614],[-1.335,0.791],[-0.627,-1.421],[0,0]],"v":[[-17.03,20.332],[-7.351,7.965],[-4.568,-0.206],[1.57,-12.306],[6.869,-18.444],[14.553,-18.717],[14.684,-11.805],[10.691,-12.821],[13.066,-15.561]],"c":false},"ix":2},"nm":"Path 1","mn":"ADBE Vector Shape - Group","hd":false},{"ty":"st","c":{"a":0,"k":[0.097871645759,0.080222275678,0.083276127834,1],"ix":3},"o":{"a":0,"k":100,"ix":4},"w":{"a":0,"k":1,"ix":5},"lc":2,"lj":1,"ml":10,"bm":0,"nm":"Stroke 1","mn":"ADBE Vector Graphic - Stroke","hd":false},{"ty":"tr","p":{"a":0,"k":[19.53,22.832],"ix":2},"a":{"a":0,"k":[0,0],"ix":1},"s":{"a":0,"k":[100,100],"ix":3},"r":{"a":0,"k":0,"ix":6},"o":{"a":0,"k":100,"ix":7},"sk":{"a":0,"k":0,"ix":4},"sa":{"a":0,"k":0,"ix":5},"nm":"Transform"}],"nm":"Group 3","np":2,"cix":2,"bm":0,"ix":3,"mn":"ADBE Vector Group","hd":false},{"ty":"tm","s":{"a":0,"k":0,"ix":1},"e":{"a":1,"k":[{"i":{"x":[0.667],"y":[1]},"o":{"x":[0.333],"y":[0]},"t":10,"s":[0]},{"i":{"x":[0.667],"y":[1]},"o":{"x":[0.167],"y":[0]},"t":30,"s":[100]},{"i":{"x":[0.667],"y":[1]},"o":{"x":[0.167],"y":[0]},"t":52,"s":[100]},{"t":68.0000027696968,"s":[0]}],"ix":2},"o":{"a":0,"k":0,"ix":3},"m":1,"ix":4,"nm":"Trim Paths 1","mn":"ADBE Vector Filter - Trim","hd":false}],"ip":0,"op":79.000003217736,"st":0,"bm":0},{"ddd":0,"ind":4,"ty":4,"nm":"Layer 14 Outlines","sr":1,"ks":{"o":{"a":0,"k":100,"ix":11},"r":{"a":0,"k":0,"ix":10},"p":{"a":1,"k":[{"i":{"x":0.667,"y":1},"o":{"x":0.333,"y":0},"t":0,"s":[196.63,412.333,0],"to":[0,4.167,0],"ti":[0,0,0]},{"i":{"x":0.667,"y":1},"o":{"x":0.333,"y":0},"t":39,"s":[196.63,437.333,0],"to":[0,0,0],"ti":[0,4.167,0]},{"t":78.0000031770051,"s":[196.63,412.333,0]}],"ix":2},"a":{"a":0,"k":[14.084,22.939,0],"ix":1},"s":{"a":0,"k":[100,100,100],"ix":6}},"ao":0,"shapes":[{"ty":"gr","it":[{"ind":0,"ty":"sh","ix":1,"ks":{"a":0,"k":{"i":[[0,0],[-3.471,-5.786],[-2.144,-0.354],[-0.773,2.174],[2.003,1.145],[0.489,-1.516],[-0.58,-0.635],[-1,1]],"o":[[-0.786,6.701],[1.117,1.864],[2.276,0.376],[0.773,-2.173],[-1.382,-0.791],[-0.264,0.82],[0.581,0.636],[0,0]],"v":[[-5.882,-12.03],[-3.867,7.723],[1.074,11.654],[6.564,8.414],[4.348,2.437],[0.288,3.369],[0.954,5.741],[3.622,5.758]],"c":false},"ix":2},"nm":"Path 1","mn":"ADBE Vector Shape - Group","hd":false},{"ty":"st","c":{"a":0,"k":[0.097871645759,0.080222275678,0.083276127834,1],"ix":3},"o":{"a":0,"k":100,"ix":4},"w":{"a":0,"k":1,"ix":5},"lc":2,"lj":2,"bm":0,"nm":"Stroke 1","mn":"ADBE Vector Graphic - Stroke","hd":false},{"ty":"tr","p":{"a":0,"k":[18.331,31.347],"ix":2},"a":{"a":0,"k":[0,0],"ix":1},"s":{"a":0,"k":[100,100],"ix":3},"r":{"a":0,"k":0,"ix":6},"o":{"a":0,"k":100,"ix":7},"sk":{"a":0,"k":0,"ix":4},"sa":{"a":0,"k":0,"ix":5},"nm":"Transform"}],"nm":"Group 1","np":2,"cix":2,"bm":0,"ix":1,"mn":"ADBE Vector Group","hd":false},{"ty":"gr","it":[{"ind":0,"ty":"sh","ix":1,"ks":{"a":0,"k":{"i":[[0,0],[0.074,-1.036],[1.465,-3.153],[0.815,-0.448],[0.888,0.278],[0.282,1.828],[-1.516,1.059],[-0.539,-1.133],[1.091,-0.525]],"o":[[-1,3],[-0.246,3.467],[-0.392,0.843],[-0.816,0.449],[-1.763,-0.552],[-0.282,-1.826],[1.028,-0.719],[0.52,1.093],[0,0]],"v":[[5.727,-9.112],[4.279,-3.665],[2.427,6.533],[0.699,8.663],[-2.014,8.822],[-5.445,4.831],[-3.377,-0.008],[-0.088,0.276],[-1.717,3.103]],"c":false},"ix":2},"nm":"Path 1","mn":"ADBE Vector Shape - Group","hd":false},{"ty":"st","c":{"a":0,"k":[0.097871645759,0.080222275678,0.083276127834,1],"ix":3},"o":{"a":0,"k":100,"ix":4},"w":{"a":0,"k":1,"ix":5},"lc":2,"lj":2,"bm":0,"nm":"Stroke 1","mn":"ADBE Vector Graphic - Stroke","hd":false},{"ty":"tr","p":{"a":0,"k":[8.227,21.218],"ix":2},"a":{"a":0,"k":[0,0],"ix":1},"s":{"a":0,"k":[100,100],"ix":3},"r":{"a":0,"k":0,"ix":6},"o":{"a":0,"k":100,"ix":7},"sk":{"a":0,"k":0,"ix":4},"sa":{"a":0,"k":0,"ix":5},"nm":"Transform"}],"nm":"Group 2","np":2,"cix":2,"bm":0,"ix":2,"mn":"ADBE Vector Group","hd":false},{"ty":"gr","it":[{"ind":0,"ty":"sh","ix":1,"ks":{"a":0,"k":{"i":[[0,0],[0.213,-6.384],[-1.935,-0.696],[-1.007,0.922],[0.236,2.015],[0.609,0.583],[0.733,-0.419],[-0.619,-0.574]],"o":[[-3.949,5.02],[-0.069,2.056],[1.284,0.463],[1.496,-1.369],[-0.099,-0.838],[-0.61,-0.584],[-0.733,0.418],[0,0]],"v":[[2.32,-11.714],[-4.141,5.987],[-1.82,11.251],[1.929,10.196],[3.974,4.704],[2.98,2.432],[0.653,2.024],[0.291,4.171]],"c":false},"ix":2},"nm":"Path 1","mn":"ADBE Vector Shape - Group","hd":false},{"ty":"st","c":{"a":0,"k":[0.097871645759,0.080222275678,0.083276127834,1],"ix":3},"o":{"a":0,"k":100,"ix":4},"w":{"a":0,"k":1,"ix":5},"lc":2,"lj":2,"bm":0,"nm":"Stroke 1","mn":"ADBE Vector Graphic - Stroke","hd":false},{"ty":"tr","p":{"a":0,"k":[16.908,14.214],"ix":2},"a":{"a":0,"k":[0,0],"ix":1},"s":{"a":0,"k":[100,100],"ix":3},"r":{"a":0,"k":0,"ix":6},"o":{"a":0,"k":100,"ix":7},"sk":{"a":0,"k":0,"ix":4},"sa":{"a":0,"k":0,"ix":5},"nm":"Transform"}],"nm":"Group 3","np":2,"cix":2,"bm":0,"ix":3,"mn":"ADBE Vector Group","hd":false},{"ty":"tm","s":{"a":0,"k":0,"ix":1},"e":{"a":1,"k":[{"i":{"x":[0.667],"y":[1]},"o":{"x":[0.333],"y":[0]},"t":24,"s":[0]},{"i":{"x":[0.667],"y":[1]},"o":{"x":[0.167],"y":[0]},"t":44,"s":[100]},{"i":{"x":[0.833],"y":[1]},"o":{"x":[0.167],"y":[0]},"t":57,"s":[100]},{"t":74.0000030140818,"s":[0]}],"ix":2},"o":{"a":0,"k":0,"ix":3},"m":1,"ix":4,"nm":"Trim Paths 1","mn":"ADBE Vector Filter - Trim","hd":false}],"ip":0,"op":79.000003217736,"st":0,"bm":0},{"ddd":0,"ind":5,"ty":4,"nm":"Layer 6 Outlines","sr":1,"ks":{"o":{"a":0,"k":100,"ix":11},"r":{"a":0,"k":0,"ix":10},"p":{"a":1,"k":[{"i":{"x":0.667,"y":1},"o":{"x":0.333,"y":0},"t":0,"s":[295.764,249.985,0],"to":[0,4.167,0],"ti":[0,0,0]},{"i":{"x":0.667,"y":1},"o":{"x":0.333,"y":0},"t":39,"s":[295.764,274.985,0],"to":[0,0,0],"ti":[0,4.167,0]},{"t":78.0000031770051,"s":[295.764,249.985,0]}],"ix":2},"a":{"a":0,"k":[9,8.171,0],"ix":1},"s":{"a":0,"k":[100,100,100],"ix":6}},"ao":0,"shapes":[{"ty":"gr","it":[{"ind":0,"ty":"sh","ix":1,"ks":{"a":0,"k":{"i":[[0,0],[1.2,-1.31],[1.737,0.371],[-0.571,1.743],[0.145,0.295],[0.234,0.083],[1.106,0.27],[-1.364,0.888],[-0.993,-1.028],[-0.2,-1.149],[-1.042,0.526]],"o":[[1.391,1.104],[-1.2,1.309],[-1.793,-0.383],[0.102,-0.312],[-0.111,-0.223],[-1.074,-0.379],[0.63,-1.5],[1.198,-0.781],[0.81,0.84],[0.201,1.15],[0,0]],"v":[[5.109,-0.747],[5.234,4.001],[0.311,5.3],[-2.758,1.519],[-2.626,0.571],[-3.227,0.161],[-6.5,-0.812],[-3.417,-4.504],[0.53,-4.643],[1.424,-1.327],[3.754,0.569]],"c":false},"ix":2},"nm":"Path 1","mn":"ADBE Vector Shape - Group","hd":false},{"ty":"st","c":{"a":0,"k":[0.097871645759,0.080222275678,0.083276127834,1],"ix":3},"o":{"a":0,"k":100,"ix":4},"w":{"a":0,"k":1,"ix":5},"lc":2,"lj":1,"ml":10,"bm":0,"nm":"Stroke 1","mn":"ADBE Vector Graphic - Stroke","hd":false},{"ty":"tr","p":{"a":0,"k":[9,8.171],"ix":2},"a":{"a":0,"k":[0,0],"ix":1},"s":{"a":0,"k":[100,100],"ix":3},"r":{"a":0,"k":0,"ix":6},"o":{"a":0,"k":100,"ix":7},"sk":{"a":0,"k":0,"ix":4},"sa":{"a":0,"k":0,"ix":5},"nm":"Transform"}],"nm":"Group 1","np":2,"cix":2,"bm":0,"ix":1,"mn":"ADBE Vector Group","hd":false}],"ip":0,"op":79.000003217736,"st":0,"bm":0},{"ddd":0,"ind":6,"ty":4,"nm":"Layer 7 Outlines","sr":1,"ks":{"o":{"a":0,"k":100,"ix":11},"r":{"a":0,"k":0,"ix":10},"p":{"a":1,"k":[{"i":{"x":0.667,"y":1},"o":{"x":0.333,"y":0},"t":0,"s":[311.765,269.566,0],"to":[0,4.167,0],"ti":[0,0,0]},{"i":{"x":0.667,"y":1},"o":{"x":0.333,"y":0},"t":39,"s":[311.765,294.566,0],"to":[0,0,0],"ti":[0,4.167,0]},{"t":78.0000031770051,"s":[311.765,269.566,0]}],"ix":2},"a":{"a":0,"k":[4.402,4.223,0],"ix":1},"s":{"a":0,"k":[100,100,100],"ix":6}},"ao":0,"shapes":[{"ty":"gr","it":[{"ind":0,"ty":"sh","ix":1,"ks":{"a":0,"k":{"i":[[0,0],[0.891,-1.489]],"o":[[-1.57,0.74],[0,0]],"v":[[1.902,-1.723],[-1.902,1.723]],"c":false},"ix":2},"nm":"Path 1","mn":"ADBE Vector Shape - Group","hd":false},{"ty":"st","c":{"a":0,"k":[0.097871645759,0.080222275678,0.083276127834,1],"ix":3},"o":{"a":0,"k":100,"ix":4},"w":{"a":0,"k":1,"ix":5},"lc":2,"lj":1,"ml":10,"bm":0,"nm":"Stroke 1","mn":"ADBE Vector Graphic - Stroke","hd":false},{"ty":"tr","p":{"a":0,"k":[4.402,4.223],"ix":2},"a":{"a":0,"k":[0,0],"ix":1},"s":{"a":0,"k":[100,100],"ix":3},"r":{"a":0,"k":0,"ix":6},"o":{"a":0,"k":100,"ix":7},"sk":{"a":0,"k":0,"ix":4},"sa":{"a":0,"k":0,"ix":5},"nm":"Transform"}],"nm":"Group 1","np":2,"cix":2,"bm":0,"ix":1,"mn":"ADBE Vector Group","hd":false}],"ip":0,"op":79.000003217736,"st":0,"bm":0},{"ddd":0,"ind":7,"ty":4,"nm":"Layer 8 Outlines","sr":1,"ks":{"o":{"a":0,"k":100,"ix":11},"r":{"a":0,"k":0,"ix":10},"p":{"a":1,"k":[{"i":{"x":0.667,"y":1},"o":{"x":0.333,"y":0},"t":0,"s":[319.993,288.186,0],"to":[0,4.167,0],"ti":[0,0,0]},{"i":{"x":0.667,"y":1},"o":{"x":0.333,"y":0},"t":39,"s":[319.993,313.186,0],"to":[0,0,0],"ti":[0,4.167,0]},{"t":78.0000031770051,"s":[319.993,288.186,0]}],"ix":2},"a":{"a":0,"k":[4.632,6.48,0],"ix":1},"s":{"a":0,"k":[100,100,100],"ix":6}},"ao":0,"shapes":[{"ty":"gr","it":[{"ind":0,"ty":"sh","ix":1,"ks":{"a":0,"k":{"i":[[0,0],[2.614,-1.728]],"o":[[0.023,3.134],[0,0]],"v":[[2.109,-3.98],[-2.132,3.98]],"c":false},"ix":2},"nm":"Path 1","mn":"ADBE Vector Shape - Group","hd":false},{"ty":"st","c":{"a":0,"k":[0.097871645759,0.080222275678,0.083276127834,1],"ix":3},"o":{"a":0,"k":100,"ix":4},"w":{"a":0,"k":1,"ix":5},"lc":2,"lj":1,"ml":10,"bm":0,"nm":"Stroke 1","mn":"ADBE Vector Graphic - Stroke","hd":false},{"ty":"tr","p":{"a":0,"k":[4.632,6.48],"ix":2},"a":{"a":0,"k":[0,0],"ix":1},"s":{"a":0,"k":[100,100],"ix":3},"r":{"a":0,"k":0,"ix":6},"o":{"a":0,"k":100,"ix":7},"sk":{"a":0,"k":0,"ix":4},"sa":{"a":0,"k":0,"ix":5},"nm":"Transform"}],"nm":"Group 1","np":2,"cix":2,"bm":0,"ix":1,"mn":"ADBE Vector Group","hd":false}],"ip":0,"op":79.000003217736,"st":0,"bm":0},{"ddd":0,"ind":8,"ty":4,"nm":"Layer 9 Outlines","sr":1,"ks":{"o":{"a":0,"k":100,"ix":11},"r":{"a":0,"k":0,"ix":10},"p":{"a":1,"k":[{"i":{"x":0.667,"y":1},"o":{"x":0.333,"y":0},"t":0,"s":[305.542,326.688,0],"to":[0,4.167,0],"ti":[0,0,0]},{"i":{"x":0.667,"y":1},"o":{"x":0.333,"y":0},"t":39,"s":[305.542,351.688,0],"to":[0,0,0],"ti":[0,4.167,0]},{"t":78.0000031770051,"s":[305.542,326.688,0]}],"ix":2},"a":{"a":0,"k":[7.258,5.126,0],"ix":1},"s":{"a":0,"k":[100,100,100],"ix":6}},"ao":0,"shapes":[{"ty":"gr","it":[{"ind":0,"ty":"sh","ix":1,"ks":{"a":0,"k":{"i":[[0,0],[3.401,-1.286]],"o":[[-2.9,2.19],[0,0]],"v":[[4.758,-2.626],[-4.758,2.626]],"c":false},"ix":2},"nm":"Path 1","mn":"ADBE Vector Shape - Group","hd":false},{"ty":"st","c":{"a":0,"k":[0.097871645759,0.080222275678,0.083276127834,1],"ix":3},"o":{"a":0,"k":100,"ix":4},"w":{"a":0,"k":1,"ix":5},"lc":2,"lj":1,"ml":10,"bm":0,"nm":"Stroke 1","mn":"ADBE Vector Graphic - Stroke","hd":false},{"ty":"tr","p":{"a":0,"k":[7.258,5.126],"ix":2},"a":{"a":0,"k":[0,0],"ix":1},"s":{"a":0,"k":[100,100],"ix":3},"r":{"a":0,"k":0,"ix":6},"o":{"a":0,"k":100,"ix":7},"sk":{"a":0,"k":0,"ix":4},"sa":{"a":0,"k":0,"ix":5},"nm":"Transform"}],"nm":"Group 1","np":2,"cix":2,"bm":0,"ix":1,"mn":"ADBE Vector Group","hd":false}],"ip":0,"op":79.000003217736,"st":0,"bm":0},{"ddd":0,"ind":9,"ty":4,"nm":"Layer 10 Outlines","sr":1,"ks":{"o":{"a":0,"k":100,"ix":11},"r":{"a":0,"k":0,"ix":10},"p":{"a":1,"k":[{"i":{"x":0.667,"y":1},"o":{"x":0.333,"y":0},"t":0,"s":[235.204,336.104,0],"to":[0,4.167,0],"ti":[0,0,0]},{"i":{"x":0.667,"y":1},"o":{"x":0.333,"y":0},"t":39,"s":[235.204,361.104,0],"to":[0,0,0],"ti":[0,4.167,0]},{"t":78.0000031770051,"s":[235.204,336.104,0]}],"ix":2},"a":{"a":0,"k":[6.664,4.379,0],"ix":1},"s":{"a":0,"k":[100,100,100],"ix":6}},"ao":0,"shapes":[{"ty":"gr","it":[{"ind":0,"ty":"sh","ix":1,"ks":{"a":0,"k":{"i":[[0,0],[-2.989,-0.684]],"o":[[2.49,1.789],[0,0]],"v":[[-4.164,-1.879],[4.164,1.879]],"c":false},"ix":2},"nm":"Path 1","mn":"ADBE Vector Shape - Group","hd":false},{"ty":"st","c":{"a":0,"k":[0.097871645759,0.080222275678,0.083276127834,1],"ix":3},"o":{"a":0,"k":100,"ix":4},"w":{"a":0,"k":1,"ix":5},"lc":2,"lj":1,"ml":10,"bm":0,"nm":"Stroke 1","mn":"ADBE Vector Graphic - Stroke","hd":false},{"ty":"tr","p":{"a":0,"k":[6.664,4.379],"ix":2},"a":{"a":0,"k":[0,0],"ix":1},"s":{"a":0,"k":[100,100],"ix":3},"r":{"a":0,"k":0,"ix":6},"o":{"a":0,"k":100,"ix":7},"sk":{"a":0,"k":0,"ix":4},"sa":{"a":0,"k":0,"ix":5},"nm":"Transform"}],"nm":"Group 1","np":2,"cix":2,"bm":0,"ix":1,"mn":"ADBE Vector Group","hd":false}],"ip":0,"op":79.000003217736,"st":0,"bm":0},{"ddd":0,"ind":10,"ty":4,"nm":"Layer 11 Outlines","sr":1,"ks":{"o":{"a":0,"k":100,"ix":11},"r":{"a":0,"k":0,"ix":10},"p":{"a":1,"k":[{"i":{"x":0.667,"y":1},"o":{"x":0.333,"y":0},"t":0,"s":[223.985,269.787,0],"to":[0,4.167,0],"ti":[0,0,0]},{"i":{"x":0.667,"y":1},"o":{"x":0.333,"y":0},"t":39,"s":[223.985,294.787,0],"to":[0,0,0],"ti":[0,4.167,0]},{"t":78.0000031770051,"s":[223.985,269.787,0]}],"ix":2},"a":{"a":0,"k":[3.759,5.188,0],"ix":1},"s":{"a":0,"k":[100,100,100],"ix":6}},"ao":0,"shapes":[{"ty":"gr","it":[{"ind":0,"ty":"sh","ix":1,"ks":{"a":0,"k":{"i":[[0,0],[0.721,-1.845]],"o":[[-0.955,1.734],[0,0]],"v":[[1.259,-2.688],[-1.259,2.688]],"c":false},"ix":2},"nm":"Path 1","mn":"ADBE Vector Shape - Group","hd":false},{"ty":"st","c":{"a":0,"k":[0.097871645759,0.080222275678,0.083276127834,1],"ix":3},"o":{"a":0,"k":100,"ix":4},"w":{"a":0,"k":1,"ix":5},"lc":2,"lj":1,"ml":10,"bm":0,"nm":"Stroke 1","mn":"ADBE Vector Graphic - Stroke","hd":false},{"ty":"tr","p":{"a":0,"k":[3.759,5.188],"ix":2},"a":{"a":0,"k":[0,0],"ix":1},"s":{"a":0,"k":[100,100],"ix":3},"r":{"a":0,"k":0,"ix":6},"o":{"a":0,"k":100,"ix":7},"sk":{"a":0,"k":0,"ix":4},"sa":{"a":0,"k":0,"ix":5},"nm":"Transform"}],"nm":"Group 1","np":2,"cix":2,"bm":0,"ix":1,"mn":"ADBE Vector Group","hd":false}],"ip":0,"op":79.000003217736,"st":0,"bm":0},{"ddd":0,"ind":11,"ty":4,"nm":"Layer 12 Outlines","sr":1,"ks":{"o":{"a":0,"k":100,"ix":11},"r":{"a":0,"k":0,"ix":10},"p":{"a":1,"k":[{"i":{"x":0.667,"y":1},"o":{"x":0.333,"y":0},"t":0,"s":[256.899,282.977,0],"to":[0,4.167,0],"ti":[0,0,0]},{"i":{"x":0.667,"y":1},"o":{"x":0.333,"y":0},"t":39,"s":[256.899,307.977,0],"to":[0,0,0],"ti":[0,4.167,0]},{"t":78.0000031770051,"s":[256.899,282.977,0]}],"ix":2},"a":{"a":0,"k":[10.816,9.332,0],"ix":1},"s":{"a":0,"k":[100,100,100],"ix":6}},"ao":0,"shapes":[{"ty":"gr","it":[{"ind":0,"ty":"sh","ix":1,"ks":{"a":0,"k":{"i":[[0,0],[0.449,-1.445],[1.299,-0.776],[2.425,0.194],[0.6,2.361],[-2.33,2.117],[-0.836,0.038],[-0.238,-1.841]],"o":[[1.511,0.091],[-0.448,1.446],[-2.089,1.249],[-2.427,-0.194],[-0.776,-3.051],[0.619,-0.562],[1.855,-0.086],[0,0]],"v":[[5.945,-2.023],[7.867,1.417],[4.819,4.64],[-2.082,6.638],[-7.539,2.511],[-3.639,-5.565],[-1.484,-6.746],[1.423,-2.628]],"c":false},"ix":2},"nm":"Path 1","mn":"ADBE Vector Shape - Group","hd":false},{"ty":"st","c":{"a":0,"k":[0.097871645759,0.080222275678,0.083276127834,1],"ix":3},"o":{"a":0,"k":100,"ix":4},"w":{"a":0,"k":1,"ix":5},"lc":2,"lj":1,"ml":10,"bm":0,"nm":"Stroke 1","mn":"ADBE Vector Graphic - Stroke","hd":false},{"ty":"tr","p":{"a":0,"k":[10.815,9.332],"ix":2},"a":{"a":0,"k":[0,0],"ix":1},"s":{"a":0,"k":[100,100],"ix":3},"r":{"a":0,"k":0,"ix":6},"o":{"a":0,"k":100,"ix":7},"sk":{"a":0,"k":0,"ix":4},"sa":{"a":0,"k":0,"ix":5},"nm":"Transform"}],"nm":"Group 1","np":2,"cix":2,"bm":0,"ix":1,"mn":"ADBE Vector Group","hd":false}],"ip":0,"op":79.000003217736,"st":0,"bm":0},{"ddd":0,"ind":12,"ty":4,"nm":"Layer 13 Outlines","sr":1,"ks":{"o":{"a":0,"k":100,"ix":11},"r":{"a":0,"k":0,"ix":10},"p":{"a":1,"k":[{"i":{"x":0.667,"y":1},"o":{"x":0.333,"y":0},"t":0,"s":[256.186,240.79,0],"to":[0,4.167,0],"ti":[0,0,0]},{"i":{"x":0.667,"y":1},"o":{"x":0.333,"y":0},"t":39,"s":[256.186,265.79,0],"to":[0,0,0],"ti":[0,4.167,0]},{"t":78.0000031770051,"s":[256.186,240.79,0]}],"ix":2},"a":{"a":0,"k":[9.226,6.031,0],"ix":1},"s":{"a":0,"k":[100,100,100],"ix":6}},"ao":0,"shapes":[{"ty":"gr","it":[{"ind":0,"ty":"sh","ix":1,"ks":{"a":0,"k":{"i":[[0,0],[1.268,0.82],[1.408,-0.548],[0.584,-0.558],[1.06,-1.894]],"o":[[-0.953,-1.172],[-1.27,-0.819],[-0.752,0.292],[-1.57,1.499],[0,0]],"v":[[6.727,0.874],[3.529,-2.311],[-0.785,-2.982],[-2.752,-1.597],[-6.727,3.531]],"c":false},"ix":2},"nm":"Path 1","mn":"ADBE Vector Shape - Group","hd":false},{"ty":"st","c":{"a":0,"k":[0.097871645759,0.080222275678,0.083276127834,1],"ix":3},"o":{"a":0,"k":100,"ix":4},"w":{"a":0,"k":1,"ix":5},"lc":2,"lj":1,"ml":10,"bm":0,"nm":"Stroke 1","mn":"ADBE Vector Graphic - Stroke","hd":false},{"ty":"tr","p":{"a":0,"k":[9.227,6.031],"ix":2},"a":{"a":0,"k":[0,0],"ix":1},"s":{"a":0,"k":[100,100],"ix":3},"r":{"a":0,"k":0,"ix":6},"o":{"a":0,"k":100,"ix":7},"sk":{"a":0,"k":0,"ix":4},"sa":{"a":0,"k":0,"ix":5},"nm":"Transform"}],"nm":"Group 1","np":2,"cix":2,"bm":0,"ix":1,"mn":"ADBE Vector Group","hd":false}],"ip":0,"op":79.000003217736,"st":0,"bm":0},{"ddd":0,"ind":13,"ty":4,"nm":"Layer 15 Outlines","sr":1,"ks":{"o":{"a":0,"k":100,"ix":11},"r":{"a":0,"k":0,"ix":10},"p":{"a":1,"k":[{"i":{"x":0.667,"y":1},"o":{"x":0.333,"y":0},"t":0,"s":[265.611,147.985,0],"to":[0,4.333,0],"ti":[0,0,0]},{"i":{"x":0.667,"y":1},"o":{"x":0.333,"y":0},"t":39,"s":[265.611,173.985,0],"to":[0,0,0],"ti":[0,4.333,0]},{"t":78.0000031770051,"s":[265.611,147.985,0]}],"ix":2},"a":{"a":0,"k":[21.39,52.678,0],"ix":1},"s":{"a":0,"k":[100,100,100],"ix":6}},"ao":0,"shapes":[{"ty":"gr","it":[{"ind":0,"ty":"sh","ix":1,"ks":{"a":0,"k":{"i":[[0,0],[2.324,-2.223],[1.123,-5.853],[-0.573,-5.931]],"o":[[-3.214,-0.109],[-4.306,4.119],[-1.124,5.852],[0,0]],"v":[[8.824,-18.638],[0.279,-14.743],[-7.7,0.936],[-8.039,18.747]],"c":false},"ix":2},"nm":"Path 1","mn":"ADBE Vector Shape - Group","hd":false},{"ty":"st","c":{"a":0,"k":[0.097871645759,0.080222275678,0.083276127834,1],"ix":3},"o":{"a":0,"k":100,"ix":4},"w":{"a":0,"k":1,"ix":5},"lc":2,"lj":1,"ml":10,"bm":0,"nm":"Stroke 1","mn":"ADBE Vector Graphic - Stroke","hd":false},{"ty":"tr","p":{"a":0,"k":[11.324,83.103],"ix":2},"a":{"a":0,"k":[0,0],"ix":1},"s":{"a":0,"k":[100,100],"ix":3},"r":{"a":0,"k":0,"ix":6},"o":{"a":0,"k":100,"ix":7},"sk":{"a":0,"k":0,"ix":4},"sa":{"a":0,"k":0,"ix":5},"nm":"Transform"}],"nm":"Group 1","np":2,"cix":2,"bm":0,"ix":1,"mn":"ADBE Vector Group","hd":false},{"ty":"gr","it":[{"ind":0,"ty":"sh","ix":1,"ks":{"a":0,"k":{"i":[[0,0],[-3.549,-5.278],[-0.547,-1.561],[-0.255,-1.834],[0.938,-5.583]],"o":[[5.902,2.367],[0.924,1.373],[0.612,1.749],[0.777,5.608],[0,0]],"v":[[-9.791,-19.272],[4.822,-7.451],[7.114,-3.063],[8.238,2.369],[8.854,19.272]],"c":false},"ix":2},"nm":"Path 1","mn":"ADBE Vector Shape - Group","hd":false},{"ty":"st","c":{"a":0,"k":[0.097871645759,0.080222275678,0.083276127834,1],"ix":3},"o":{"a":0,"k":100,"ix":4},"w":{"a":0,"k":1,"ix":5},"lc":2,"lj":1,"ml":10,"bm":0,"nm":"Stroke 1","mn":"ADBE Vector Graphic - Stroke","hd":false},{"ty":"tr","p":{"a":0,"k":[30.488,83.585],"ix":2},"a":{"a":0,"k":[0,0],"ix":1},"s":{"a":0,"k":[100,100],"ix":3},"r":{"a":0,"k":0,"ix":6},"o":{"a":0,"k":100,"ix":7},"sk":{"a":0,"k":0,"ix":4},"sa":{"a":0,"k":0,"ix":5},"nm":"Transform"}],"nm":"Group 2","np":2,"cix":2,"bm":0,"ix":2,"mn":"ADBE Vector Group","hd":false},{"ty":"gr","it":[{"ind":0,"ty":"sh","ix":1,"ks":{"a":0,"k":{"i":[[0,0],[1.767,-7.007],[-0.886,-7.172]],"o":[[-6.669,2.783],[-1.765,7.007],[0,0]],"v":[[7.324,-19.006],[-5.559,-2.542],[-5.89,19.006]],"c":false},"ix":2},"nm":"Path 1","mn":"ADBE Vector Shape - Group","hd":false},{"ty":"st","c":{"a":0,"k":[0.097871645759,0.080222275678,0.083276127834,1],"ix":3},"o":{"a":0,"k":100,"ix":4},"w":{"a":0,"k":1,"ix":5},"lc":2,"lj":1,"ml":10,"bm":0,"nm":"Stroke 1","mn":"ADBE Vector Graphic - Stroke","hd":false},{"ty":"tr","p":{"a":0,"k":[16.957,21.506],"ix":2},"a":{"a":0,"k":[0,0],"ix":1},"s":{"a":0,"k":[100,100],"ix":3},"r":{"a":0,"k":0,"ix":6},"o":{"a":0,"k":100,"ix":7},"sk":{"a":0,"k":0,"ix":4},"sa":{"a":0,"k":0,"ix":5},"nm":"Transform"}],"nm":"Group 3","np":2,"cix":2,"bm":0,"ix":3,"mn":"ADBE Vector Group","hd":false},{"ty":"gr","it":[{"ind":0,"ty":"sh","ix":1,"ks":{"a":0,"k":{"i":[[0,0],[1.724,-20.434]],"o":[[-0.328,20.504],[0,0]],"v":[[1.539,-30.715],[-1.539,30.715]],"c":false},"ix":2},"nm":"Path 1","mn":"ADBE Vector Shape - Group","hd":false},{"ty":"st","c":{"a":0,"k":[0.097871645759,0.080222275678,0.083276127834,1],"ix":3},"o":{"a":0,"k":100,"ix":4},"w":{"a":0,"k":1,"ix":5},"lc":2,"lj":1,"ml":10,"bm":0,"nm":"Stroke 1","mn":"ADBE Vector Graphic - Stroke","hd":false},{"ty":"tr","p":{"a":0,"k":[22.554,34.02],"ix":2},"a":{"a":0,"k":[0,0],"ix":1},"s":{"a":0,"k":[100,100],"ix":3},"r":{"a":0,"k":0,"ix":6},"o":{"a":0,"k":100,"ix":7},"sk":{"a":0,"k":0,"ix":4},"sa":{"a":0,"k":0,"ix":5},"nm":"Transform"}],"nm":"Group 4","np":2,"cix":2,"bm":0,"ix":4,"mn":"ADBE Vector Group","hd":false},{"ty":"gr","it":[{"ind":0,"ty":"sh","ix":1,"ks":{"a":0,"k":{"i":[[0,0],[-0.928,-10.635],[0.787,-3.152]],"o":[[6.404,8.542],[0.283,3.237],[0,0]],"v":[[-4.525,-20.062],[3.963,10.365],[3.738,20.062]],"c":false},"ix":2},"nm":"Path 1","mn":"ADBE Vector Shape - Group","hd":false},{"ty":"st","c":{"a":0,"k":[0.097871645759,0.080222275678,0.083276127834,1],"ix":3},"o":{"a":0,"k":100,"ix":4},"w":{"a":0,"k":1,"ix":5},"lc":2,"lj":1,"ml":10,"bm":0,"nm":"Stroke 1","mn":"ADBE Vector Graphic - Stroke","hd":false},{"ty":"tr","p":{"a":0,"k":[28.542,22.898],"ix":2},"a":{"a":0,"k":[0,0],"ix":1},"s":{"a":0,"k":[100,100],"ix":3},"r":{"a":0,"k":0,"ix":6},"o":{"a":0,"k":100,"ix":7},"sk":{"a":0,"k":0,"ix":4},"sa":{"a":0,"k":0,"ix":5},"nm":"Transform"}],"nm":"Group 5","np":2,"cix":2,"bm":0,"ix":5,"mn":"ADBE Vector Group","hd":false}],"ip":0,"op":79.000003217736,"st":0,"bm":0},{"ddd":0,"ind":14,"ty":4,"nm":"Layer 16 Outlines","sr":1,"ks":{"o":{"a":0,"k":100,"ix":11},"r":{"a":0,"k":0,"ix":10},"p":{"a":1,"k":[{"i":{"x":0.667,"y":1},"o":{"x":0.333,"y":0},"t":0,"s":[199.882,103.854,0],"to":[0,4.333,0],"ti":[0,0,0]},{"i":{"x":0.667,"y":1},"o":{"x":0.333,"y":0},"t":39,"s":[199.882,129.854,0],"to":[0,0,0],"ti":[0,4.333,0]},{"t":78.0000031770051,"s":[199.882,103.854,0]}],"ix":2},"a":{"a":0,"k":[79.882,23.003,0],"ix":1},"s":{"a":0,"k":[100,100,100],"ix":6}},"ao":0,"ef":[{"ty":34,"nm":"Puppet","np":6,"mn":"ADBE FreePin3","ix":1,"en":1,"ef":[{"ty":7,"nm":"Puppet Engine","mn":"ADBE FreePin3 Puppet Engine","ix":1,"v":{"a":0,"k":1,"ix":1}},{"ty":0,"nm":"Mesh Rotation Refinement","mn":"ADBE FreePin3 Auto Rotate Pins","ix":2,"v":{"a":0,"k":20,"ix":2}},{"ty":7,"nm":"On Transparent","mn":"ADBE FreePin3 On Transparent","ix":3,"v":{"a":0,"k":0,"ix":3}},{"ty":29.9700012207031,"nm":"arap","np":3,"mn":"ADBE FreePin3 ARAP Group","ix":4,"en":1,"ef":[{"ty":6,"nm":"Auto-traced Shapes","mn":"ADBE FreePin3 Outlines","ix":1,"v":0},{"ty":1,"nm":"Mesh","np":2,"mn":"ADBE FreePin3 Mesh Group","ix":2,"en":1,"ef":[{"nm":"Mesh 1","np":8,"mn":"ADBE FreePin3 Mesh Atom","ix":1,"en":1,"ef":[{"ty":6,"nm":"Mesh","mn":"ADBE FreePin3 Mesh","ix":1,"v":0},{"ty":0,"nm":"Triangles","mn":"ADBE FreePin3 Mesh Tri Count","ix":2,"v":{"a":0,"k":541,"ix":2}},{"ty":0,"nm":"Density","mn":"ADBE FreePin3 Mesh Tri Density","ix":3,"v":{"a":0,"k":10,"ix":3}},{"ty":0,"nm":"Expansion","mn":"ADBE FreePin3 Mesh Expansion","ix":4,"v":{"a":0,"k":2,"ix":4}},{"nm":"Deform","np":1,"mn":"ADBE FreePin3 PosPins","ix":5,"en":1,"ef":[]},{"nm":"Overlap","np":1,"mn":"ADBE FreePin3 HghtPins","ix":6,"en":1,"ef":[]},{"nm":"Stiffness","np":3,"mn":"ADBE FreePin3 StarchPins","ix":7,"en":1,"ef":[]}]}]}]}]}],"shapes":[{"ty":"gr","it":[{"ind":0,"ty":"sh","ix":1,"ks":{"a":0,"k":{"i":[[-3,-4],[-1.169,-5.002],[-6.432,-2.885],[-4.228,-2.655],[-6.131,0.793],[-7.27,4.123],[-2.58,1.665],[-10.966,3.356],[-4.865,0.24],[-2.945,0.609],[0.197,1.653],[1.443,0.021],[2.014,-0.283],[3.561,0.109],[7.724,0.237],[2.472,-0.458],[5.234,-2.424],[8.155,1.04],[7.423,3.53],[5.813,2.046],[5.387,-0.949],[0,0]],"o":[[3.082,4.109],[6.904,-1.423],[4.555,2.042],[5.177,3.251],[8.186,-1.058],[2.671,-1.515],[9.637,-6.22],[4.658,-1.426],[3.003,-0.149],[1.63,-0.337],[-0.171,-1.433],[-2.056,-0.031],[-3.525,0.494],[-7.724,-0.237],[-2.513,-0.077],[-5.672,1.05],[-7.459,3.454],[-8.154,-1.04],[-5.566,-2.647],[-5.104,-1.796],[-1.844,0.326],[0,1]],"v":[[-72.382,-10.354],[-65.948,4.15],[-45.266,6.417],[-32.447,14.132],[-12.651,19.711],[11.22,13.076],[18.936,8.043],[50.623,-5.063],[64.866,-8.147],[73.862,-7.604],[77.184,-10.686],[73.888,-12.879],[68.236,-12.258],[57.618,-12.354],[37.618,-14.354],[26.388,-12.966],[10.725,-5.78],[-13.4,-2.552],[-36.818,-9.944],[-53.59,-17.699],[-69.652,-19.555],[-77.382,-15.354]],"c":true},"ix":2},"nm":"Path 1","mn":"ADBE Vector Shape - Group","hd":false},{"ty":"st","c":{"a":0,"k":[0.097871645759,0.080222275678,0.083276127834,1],"ix":3},"o":{"a":0,"k":100,"ix":4},"w":{"a":0,"k":1,"ix":5},"lc":2,"lj":1,"ml":10,"bm":0,"nm":"Stroke 1","mn":"ADBE Vector Graphic - Stroke","hd":false},{"ty":"fl","c":{"a":0,"k":[0.756794888366,0.081521471809,0.067253060434,1],"ix":4},"o":{"a":0,"k":100,"ix":5},"r":1,"bm":0,"nm":"Fill 1","mn":"ADBE Vector Graphic - Fill","hd":false},{"ty":"tr","p":{"a":0,"k":[79.882,23.004],"ix":2},"a":{"a":0,"k":[0,0],"ix":1},"s":{"a":0,"k":[100,100],"ix":3},"r":{"a":0,"k":0,"ix":6},"o":{"a":0,"k":100,"ix":7},"sk":{"a":0,"k":0,"ix":4},"sa":{"a":0,"k":0,"ix":5},"nm":"Transform"}],"nm":"Group 1","np":3,"cix":2,"bm":0,"ix":1,"mn":"ADBE Vector Group","hd":false}],"ip":0,"op":79.000003217736,"st":0,"bm":0},{"ddd":0,"ind":15,"ty":4,"nm":"Layer 17 Outlines","sr":1,"ks":{"o":{"a":0,"k":100,"ix":11},"r":{"a":0,"k":0,"ix":10},"p":{"a":1,"k":[{"i":{"x":0.667,"y":1},"o":{"x":0.333,"y":0},"t":0,"s":[255.976,57.067,0],"to":[0,4.333,0],"ti":[0,0,0]},{"i":{"x":0.667,"y":1},"o":{"x":0.333,"y":0},"t":39,"s":[255.976,83.067,0],"to":[0,0,0],"ti":[0,4.333,0]},{"t":78.0000031770051,"s":[255.976,57.067,0]}],"ix":2},"a":{"a":0,"k":[8.406,3.364,0],"ix":1},"s":{"a":0,"k":[100,100,100],"ix":6}},"ao":0,"shapes":[{"ty":"gr","it":[{"ind":0,"ty":"sh","ix":1,"ks":{"a":0,"k":{"i":[[0,0],[1.093,0.55],[1.183,0.378],[1.234,0.188],[1.254,0.064],[-1.253,-0.14],[-1.233,-0.288],[-1.177,-0.491],[-1.099,-0.772],[0.159,-0.226],[0.226,0.159],[0.008,0.007]],"o":[[-0.908,-0.734],[-1.104,-0.549],[-1.188,-0.361],[-1.231,-0.221],[1.254,-0.019],[1.258,0.107],[1.231,0.305],[1.179,0.503],[0.225,0.159],[-0.159,0.227],[-0.009,-0.006],[0,0]],"v":[[6.491,2.205],[3.4,0.274],[-0.037,-1.126],[-3.666,-2.003],[-7.4,-2.386],[-3.633,-2.251],[0.099,-1.607],[3.714,-0.407],[7.12,1.427],[7.241,2.124],[6.544,2.246],[6.518,2.226]],"c":true},"ix":2},"nm":"Path 1","mn":"ADBE Vector Shape - Group","hd":false},{"ty":"fl","c":{"a":0,"k":[0.097871645759,0.080222275678,0.083276127834,1],"ix":4},"o":{"a":0,"k":100,"ix":5},"r":1,"bm":0,"nm":"Fill 1","mn":"ADBE Vector Graphic - Fill","hd":false},{"ty":"tr","p":{"a":0,"k":[8.829,3.684],"ix":2},"a":{"a":0,"k":[0,0],"ix":1},"s":{"a":0,"k":[100,100],"ix":3},"r":{"a":0,"k":0,"ix":6},"o":{"a":0,"k":100,"ix":7},"sk":{"a":0,"k":0,"ix":4},"sa":{"a":0,"k":0,"ix":5},"nm":"Transform"}],"nm":"Group 1","np":2,"cix":2,"bm":0,"ix":1,"mn":"ADBE Vector Group","hd":false},{"ty":"gr","it":[{"ind":0,"ty":"sh","ix":1,"ks":{"a":0,"k":{"i":[[0.019,0.053],[-0.006,0.001],[-0.042,-0.008],[0.009,-0.055],[0.027,0.029]],"o":[[0.006,-0.001],[0.029,0.031],[-0.007,0.054],[-0.006,-0.031],[-0.031,-0.031]],"v":[[2.446,1.75],[2.464,1.75],[2.571,1.805],[2.552,1.969],[2.52,1.878]],"c":true},"ix":2},"nm":"Path 1","mn":"ADBE Vector Shape - Group","hd":false},{"ind":1,"ty":"sh","ix":2,"ks":{"a":0,"k":{"i":[[0.026,0.039],[-0.011,0.004],[-0.023,-0.005],[0.002,-0.026]],"o":[[0.012,-0.002],[0.02,0.012],[-0.002,0.026],[-0.031,-0.023]],"v":[[1.66,0.876],[1.691,0.866],[1.751,0.887],[1.747,0.965]],"c":true},"ix":2},"nm":"Path 2","mn":"ADBE Vector Shape - Group","hd":false},{"ind":2,"ty":"sh","ix":3,"ks":{"a":0,"k":{"i":[[-0.03,0.054],[-0.004,0.02],[-0.129,0.1],[0.006,-0.063],[-0.015,-0.027],[-0.021,-0.166],[0.148,-0.2],[0.014,-0.008],[0.017,0.016],[-0.057,0.082],[0.128,0.015]],"o":[[0.011,-0.022],[0.169,-0.075],[-0.002,0.061],[-0.002,0.04],[-0.121,-0.061],[0.02,0.203],[-0.015,0.009],[-0.011,-0.021],[0.056,-0.083],[0.091,-0.141],[0.03,-0.053]],"v":[[-1.487,-0.526],[-1.48,-0.586],[-1.04,-0.848],[-1.04,-0.665],[-1.007,-0.577],[-1.271,-0.435],[-1.506,0.18],[-1.546,0.207],[-1.592,0.154],[-1.425,-0.095],[-1.578,-0.368]],"c":true},"ix":2},"nm":"Path 3","mn":"ADBE Vector Shape - Group","hd":false},{"ind":3,"ty":"sh","ix":4,"ks":{"a":0,"k":{"i":[[-0.031,0.247],[-0.025,0.224],[-0.021,-0.172],[0.023,-0.138],[-0.059,-0.043],[-0.103,0.063],[-0.021,-0.085],[0.031,-0.035],[0.021,0.025],[0.104,-0.169],[0.142,-0.13],[-0.106,0.192],[0.126,0.015],[0.128,-0.199],[0.032,-0.047],[0.021,0.177],[0.02,0.027],[-0.053,0.022],[0.008,-0.049]],"o":[[0.031,-0.224],[0.045,0.166],[-0.012,0.13],[-0.011,0.089],[0.03,0.135],[0.016,0.086],[-0.044,0.005],[-0.008,-0.032],[-0.004,-0.166],[-0.104,0.185],[0.137,-0.148],[0.08,-0.141],[0.052,-0.195],[-0.031,0.05],[0.069,-0.159],[-0.005,-0.039],[0.051,0.021],[-0.007,0.05],[-0.032,0.247]],"v":[[-0.423,-0.25],[-0.353,-0.921],[-0.252,-0.414],[-0.3,-0.018],[-0.206,0.173],[0.076,0.284],[0.138,0.54],[0.03,0.6],[-0.013,0.52],[-0.362,0.414],[-0.732,0.878],[-0.362,0.383],[-0.526,0.104],[-0.87,-0.048],[-0.972,0.085],[-0.886,-0.418],[-0.935,-0.508],[-0.778,-0.508],[-0.793,-0.357]],"c":true},"ix":2},"nm":"Path 4","mn":"ADBE Vector Shape - Group","hd":false},{"ind":4,"ty":"sh","ix":5,"ks":{"a":0,"k":{"i":[[-0.037,-0.135],[0.037,0.134]],"o":[[-0.05,-0.13],[0.044,0.132]],"v":[[0.655,-0.418],[0.528,-0.818]],"c":true},"ix":2},"nm":"Path 5","mn":"ADBE Vector Shape - Group","hd":false},{"ind":5,"ty":"sh","ix":6,"ks":{"a":0,"k":{"i":[[0.066,0.025],[0.004,0.119],[0.1,-0.004],[0.018,0.013],[-0.001,0.004],[0.048,-0.228],[0.1,-0.033],[0.007,0.038],[0.012,0.02],[0.016,0.159],[0.069,-0.143],[0.017,-0.006],[0.006,0.006],[0.003,0.023],[-0.045,-0.231],[-0.001,-0.004],[0.087,-0.099],[0.076,0.204],[0,-0.187],[0,0.004],[0.041,-0.182],[0.033,-0.001],[0.092,0.191],[-0.001,0.026],[0.015,-0.247],[0.013,-0.15],[0.048,0.163],[-0.077,-0.231],[-0.019,-0.144],[0.013,-0.013],[0.058,0.23],[0.035,0.021],[0.009,0.038],[-0.061,-0.231],[-0.093,-0.371],[0.067,-0.03],[-0.012,-0.067],[0.006,-0.009],[0.101,-0.156],[0.074,-0.108],[0.247,-0.2],[-0.16,-0.005],[-0.136,0.113],[-0.013,0.012],[-0.08,-0.037],[-0.056,-0.003],[-0.062,0.023],[-0.056,0.012],[-0.138,0.079],[-0.01,0.005],[-0.121,0.069],[-0.034,0.022],[-0.171,0.079],[-0.024,0.014],[0.034,-0.052],[-0.155,0.2],[-0.014,0.019],[-0.113,0.092],[-0.081,0.117],[-0.124,0.173],[0.09,-0.202],[-0.093,0.216],[-0.053,0.11],[-0.04,0.023],[-0.002,0.002],[-0.1,-0.002],[-0.072,-0.036],[-0.192,0.077],[-0.216,0.169],[0.15,0.025],[0.136,0.011],[0.163,-0.15],[0.021,-0.019],[0.094,-0.024],[0.02,-0.006],[0.113,-0.152],[0.016,0.04],[0.039,0.122],[0.037,0.232],[-0.044,-0.08],[-0.089,0.066],[-0.01,-0.066],[-0.102,0.058],[-0.223,-0.135],[-0.053,0.044],[-0.078,0.028],[-0.19,-0.189],[-0.029,0.134],[-0.034,-0.031],[-0.044,0.221],[-0.031,0.416]],"o":[[0.002,-0.117],[0,-0.135],[-0.01,-0.02],[0.001,-0.004],[0.045,-0.24],[-0.038,-0.112],[-0.007,-0.038],[-0.005,-0.027],[-0.007,-0.155],[-0.027,-0.208],[-0.017,0.002],[-0.005,-0.007],[-0.003,-0.022],[-0.047,-0.231],[0.001,0.004],[-0.048,-0.139],[-0.059,-0.209],[-0.082,-0.22],[0,-0.003],[-0.055,-0.216],[-0.03,-0.014],[-0.062,-0.19],[0.001,-0.025],[0.015,-0.247],[-0.01,0.15],[-0.021,-0.158],[-0.061,-0.231],[0.042,0.149],[-0.012,0.012],[-0.068,-0.235],[-0.014,-0.051],[-0.01,-0.039],[-0.062,-0.231],[0.082,0.371],[-0.06,0.035],[-0.085,0.035],[-0.006,0.008],[-0.093,0.166],[-0.085,-0.062],[-0.2,0.262],[-0.145,0.121],[0.016,0.134],[0.012,-0.011],[-0.023,0.087],[0.037,0.037],[0.048,0.042],[0.043,0.034],[0.02,0.123],[0.009,-0.006],[0.04,0.102],[0.036,-0.022],[-0.02,0.136],[0.025,-0.014],[-0.034,0.051],[-0.139,0.2],[0.014,-0.019],[0.05,0.105],[0.083,0.075],[0.118,-0.188],[-0.107,0.202],[-0.092,0.231],[0.048,-0.116],[0.037,0.005],[0.003,-0.002],[0.015,0.091],[-0.001,0.078],[-0.104,0.137],[0.246,-0.092],[0.147,-0.114],[0.096,-0.138],[0.066,-0.165],[-0.021,0.019],[-0.04,-0.063],[-0.027,0.007],[0.012,-0.166],[0.01,-0.045],[0.092,-0.026],[-0.068,-0.231],[0.039,0.081],[0.057,0.113],[0.011,0.066],[0.014,0.125],[0.077,0.293],[0.079,0.045],[0.05,0.072],[0.005,0.303],[0.12,0.121],[0.006,0.052],[-0.012,0.223],[0.077,-0.401],[0.006,-0.098]],"v":[[3.035,0.857],[3.044,0.505],[2.842,0.313],[2.811,0.255],[2.813,0.243],[2.451,0.229],[2.2,0.113],[2.181,-0.003],[2.144,-0.057],[2.12,-0.526],[1.76,-0.613],[1.711,-0.609],[1.696,-0.629],[1.688,-0.697],[1.302,-0.589],[1.304,-0.577],[0.988,-0.613],[0.794,-1.236],[0.426,-1.211],[0.425,-1.22],[0.055,-1.19],[-0.036,-1.219],[-0.262,-1.789],[-0.254,-1.867],[-0.639,-1.867],[-0.685,-1.422],[-0.778,-1.898],[-1.148,-1.79],[-1.066,-1.354],[-1.106,-1.319],[-1.302,-2.021],[-1.383,-2.122],[-1.409,-2.237],[-1.78,-2.129],[-1.519,-1.017],[-1.702,-0.913],[-1.789,-0.743],[-1.811,-0.728],[-2.108,-0.251],[-2.396,-0.219],[-3.013,0.428],[-2.868,0.743],[-2.534,0.875],[-2.498,0.84],[-2.399,1.039],[-2.255,1.1],[-2.085,1.125],[-1.935,1.156],[-1.657,1.307],[-1.632,1.289],[-1.364,1.4],[-1.27,1.328],[-0.978,1.539],[-0.913,1.491],[-1.009,1.647],[-0.67,1.846],[-0.633,1.786],[-0.343,1.867],[-0.038,1.846],[0.327,1.316],[0.023,1.923],[0.393,2.031],[0.556,1.704],[0.671,1.693],[0.678,1.689],[0.88,1.855],[0.996,2.044],[1.179,2.34],[1.673,2.063],[1.557,1.746],[1.405,1.427],[1.102,1.215],[1.038,1.272],[0.841,1.185],[0.778,1.203],[0.458,1.078],[0.453,0.953],[0.578,0.721],[0.423,0.031],[0.532,0.275],[0.816,0.326],[0.856,0.522],[1.144,0.632],[1.564,1.323],[1.763,1.299],[1.993,1.379],[2.243,2.155],[2.562,2.042],[2.618,2.165],[2.982,2.247],[3.152,1.03]],"c":true},"ix":2},"nm":"Path 6","mn":"ADBE Vector Shape - Group","hd":false},{"ty":"mm","mm":1,"nm":"Merge Paths 1","mn":"ADBE Vector Filter - Merge","hd":false},{"ty":"fl","c":{"a":0,"k":[0.754987948549,0.079350647272,0.070333054486,1],"ix":4},"o":{"a":0,"k":100,"ix":5},"r":1,"bm":0,"nm":"Fill 1","mn":"ADBE Vector Graphic - Fill","hd":false},{"ty":"tr","p":{"a":0,"k":[13.403,4.01],"ix":2},"a":{"a":0,"k":[0,0],"ix":1},"s":{"a":0,"k":[100,100],"ix":3},"r":{"a":0,"k":0,"ix":6},"o":{"a":0,"k":100,"ix":7},"sk":{"a":0,"k":0,"ix":4},"sa":{"a":0,"k":0,"ix":5},"nm":"Transform"}],"nm":"Group 2","np":8,"cix":2,"bm":0,"ix":2,"mn":"ADBE Vector Group","hd":false},{"ty":"gr","it":[{"ind":0,"ty":"sh","ix":1,"ks":{"a":0,"k":{"i":[[-0.011,-0.013],[-0.003,-0.014],[0.013,0.026]],"o":[[0.004,0.014],[-0.014,-0.026],[0.01,0.012]],"v":[[0.762,-0.843],[0.772,-0.802],[0.731,-0.881]],"c":true},"ix":2},"nm":"Path 1","mn":"ADBE Vector Shape - Group","hd":false},{"ind":1,"ty":"sh","ix":2,"ks":{"a":0,"k":{"i":[[-0.006,0.04],[-0.018,-0.05],[0.041,0.005]],"o":[[0.019,0.049],[-0.031,-0.026],[0.026,-0.028]],"v":[[1.942,0.268],[2,0.415],[1.896,0.368]],"c":true},"ix":2},"nm":"Path 2","mn":"ADBE Vector Shape - Group","hd":false},{"ind":2,"ty":"sh","ix":3,"ks":{"a":0,"k":{"i":[[0.026,0.029],[-0.011,0.068],[-0.026,-0.003],[0.119,-0.255],[0,0.116]],"o":[[0.056,-0.032],[0.018,0.01],[0.072,0.007],[0.015,-0.08],[-0.003,-0.05]],"v":[[-0.725,-0.268],[-0.612,-0.418],[-0.562,-0.387],[-0.694,0.108],[-0.67,-0.156]],"c":true},"ix":2},"nm":"Path 3","mn":"ADBE Vector Shape - Group","hd":false},{"ind":3,"ty":"sh","ix":4,"ks":{"a":0,"k":{"i":[[-0.012,-0.001],[-0.026,-0.089],[0.041,0.091]],"o":[[0.027,0.09],[-0.039,-0.091],[0.012,0.002]],"v":[[-0.615,-1.631],[-0.534,-1.363],[-0.649,-1.637]],"c":true},"ix":2},"nm":"Path 4","mn":"ADBE Vector Shape - Group","hd":false},{"ind":4,"ty":"sh","ix":5,"ks":{"a":0,"k":{"i":[[-0.062,-0.104],[0.013,-0.017],[0.047,0.006],[0.023,0.056],[0.008,0.02],[0.012,0.028],[0.003,0.009],[-0.023,0.001]],"o":[[-0.019,0.01],[-0.03,-0.035],[0.021,-0.038],[-0.007,-0.019],[-0.005,-0.032],[-0.003,-0.009],[0.022,0.007],[0.048,0.103]],"v":[[0.021,-0.255],[-0.02,-0.202],[-0.136,-0.263],[-0.131,-0.403],[-0.155,-0.461],[-0.19,-0.544],[-0.201,-0.571],[-0.134,-0.566]],"c":true},"ix":2},"nm":"Path 5","mn":"ADBE Vector Shape - Group","hd":false},{"ind":5,"ty":"sh","ix":6,"ks":{"a":0,"k":{"i":[[0.004,-0.004],[-0.003,0.007],[-0.001,0.014],[-0.004,-0.014]],"o":[[0.002,-0.008],[0.003,-0.015],[0.003,0.016],[-0.005,0.005]],"v":[[0.308,-0.01],[0.317,-0.032],[0.311,-0.068],[0.322,-0.023]],"c":true},"ix":2},"nm":"Path 6","mn":"ADBE Vector Shape - Group","hd":false},{"ind":6,"ty":"sh","ix":7,"ks":{"a":0,"k":{"i":[[-0.149,0.179],[-0.174,0.128],[0.185,-0.138],[0.011,-0.009],[0.052,-0.083],[0.088,-0.106],[0.1,-0.095],[0.003,-0.04],[0.025,-0.022],[-0.014,0.025],[-0.049,0.094],[-0.056,0.064],[0.025,0.065],[-0.029,0.104],[0.001,0.023],[0.076,0.242],[0.009,0.027],[-0.034,0.025],[-0.021,-0.084],[0.033,0.23],[-0.004,-0.019],[0.061,0.247],[0.166,0.357],[0.022,0.09],[0.075,0.003],[-0.101,-0.201],[-0.014,-0.025],[-0.008,-0.118],[0.105,0.158],[-0.035,-0.181],[0.013,-0.01],[0.136,0.192],[0.078,-0.029],[0.029,0.024],[-0.185,-0.154],[-0.002,-0.002],[-0.007,-0.022],[0.014,-0.045],[0.051,0.121],[0.016,0.016],[0.015,0.062],[-0.046,-0.247],[-0.053,-0.229],[0.034,0.127],[0.057,0.015],[0.05,0.164],[0.048,-0.164],[-0.027,-0.1],[-0.059,-0.145],[-0.059,-0.141],[0.062,0.229],[-0.005,-0.183],[0.038,0.04],[0.046,-0.122],[0.056,0.054],[-0.003,-0.148],[0.05,-0.018],[0.082,0.059],[-0.2,-0.154],[-0.339,-0.324],[0.015,0.147],[-0.089,-0.086],[-0.071,0.048],[-0.073,-0.09],[0.005,-0.004],[0.043,-0.022],[0.069,-0.22],[0.071,-0.151],[-0.028,0.139],[0.076,-0.221],[0.099,-0.02],[0.093,-0.092],[-0.037,-0.063],[0.078,-0.137],[-0.033,0.159],[0.046,-0.247],[0.185,-0.216],[-0.154,0.185],[-0.046,0.071],[0.066,-0.117],[-0.123,0.216],[-0.224,0.395],[0.086,-0.191],[-0.109,0.216],[-0.011,0.026],[-0.041,-0.023],[0.051,-0.042],[-0.185,0.169],[-0.072,0.109],[-0.053,0.092],[-0.043,0.119],[-0.042,0.018],[0.036,-0.042],[-0.152,0.013],[-0.106,0.184],[-0.027,0.054],[-0.133,0.102],[-0.065,0.053],[0.032,-0.058],[-0.139,0.2],[-0.015,0.026],[0.011,-0.031],[-0.125,0.008],[-0.129,0.107],[-0.184,0.37],[0.109,-0.231],[0.158,-0.174],[-0.086,0.227],[0.139,-0.092],[0.056,0.055],[0.019,0.085],[-0.048,-0.081],[-0.086,0.072],[-0.048,0.055],[-0.051,0.008],[-0.053,-0.097],[-0.052,-0.005],[0.009,-0.024],[0.092,-0.178],[0.056,-0.104],[0.101,-0.115],[-0.17,0.185],[-0.032,0.04],[-0.024,0.03],[-0.149,0.115]],"o":[[0.159,-0.14],[0.184,-0.154],[-0.011,0.009],[-0.077,-0.024],[-0.081,0.122],[-0.104,0.091],[-0.038,0.035],[-0.024,0.022],[0.013,-0.027],[0.058,-0.09],[0.043,-0.061],[0.053,-0.069],[0.037,-0.097],[0.009,-0.026],[0.088,0.212],[-0.008,-0.026],[0.039,0],[0.023,0.084],[0.045,0.239],[0.006,0.019],[0.062,0.247],[-0.103,-0.399],[-0.014,-0.089],[-0.023,-0.098],[-0.137,-0.15],[0.013,0.024],[-0.109,-0.008],[-0.095,-0.162],[-0.123,-0.178],[-0.014,0.008],[-0.102,-0.197],[-0.053,-0.079],[-0.026,-0.027],[-0.185,-0.155],[0.002,0.002],[0,0.018],[-0.038,0.026],[-0.057,-0.117],[-0.012,-0.025],[-0.015,-0.062],[-0.046,-0.231],[0.053,0.226],[-0.046,-0.118],[-0.019,-0.072],[-0.051,-0.167],[-0.057,-0.182],[-0.119,0.025],[-0.124,-0.006],[0.057,0.141],[-0.176,-0.154],[-0.083,-0.208],[-0.039,-0.04],[-0.112,-0.122],[-0.057,-0.053],[-0.144,-0.132],[-0.049,-0.038],[-0.081,-0.062],[-0.201,-0.139],[0.371,0.277],[0.146,0.123],[0.092,0.085],[0.08,0.073],[0.075,0.09],[-0.006,0.003],[-0.049,-0.015],[-0.021,-0.191],[-0.047,0.172],[0.04,-0.129],[0.059,-0.24],[-0.033,-0.084],[-0.123,0.015],[-0.073,0.062],[-0.077,0.139],[0.055,-0.126],[0.031,-0.247],[-0.031,0.277],[-0.155,0.2],[0.059,-0.074],[-0.068,0.117],[-0.123,0.216],[0.225,-0.392],[-0.05,0.187],[-0.092,0.232],[0.011,-0.026],[0.016,0.043],[-0.042,0.047],[-0.186,0.17],[0.107,-0.103],[0.076,0.028],[0.065,-0.123],[0.045,0.015],[-0.106,0.205],[-0.115,0.148],[0.004,0.173],[0.027,-0.054],[0.038,0.115],[0.065,-0.052],[-0.034,0.069],[-0.139,0.216],[0.002,-0.005],[-0.012,0.032],[-0.059,0.147],[0.03,0.125],[0.309,-0.263],[0.109,-0.231],[-0.115,0.23],[0.087,-0.227],[0.075,-0.188],[0.039,-0.081],[-0.02,-0.085],[0.046,0.082],[0.069,0.123],[0.067,0.011],[0.042,0.029],[0.056,0.094],[0.034,0.06],[-0.015,0.018],[-0.06,0.207],[-0.069,0.096],[-0.081,0.121],[-0.154,0.185],[0.036,-0.04],[0.033,-0.007],[0.008,0.135],[0.191,-0.163]],"v":[[2.297,1.443],[2.783,1.031],[2.505,0.753],[2.473,0.781],[2.258,0.846],[2.002,1.18],[1.688,1.447],[1.638,1.563],[1.568,1.631],[1.609,1.551],[1.782,1.278],[1.919,1.093],[1.941,0.886],[2.058,0.599],[2.052,0.532],[2.412,0.414],[2.382,0.337],[2.492,0.305],[2.567,0.553],[2.933,0.465],[2.951,0.522],[3.322,0.414],[2.912,-0.704],[2.874,-0.972],[2.703,-1.105],[2.397,-0.88],[2.433,-0.805],[2.232,-0.631],[1.935,-1.111],[1.584,-0.979],[1.54,-0.958],[1.195,-1.543],[0.974,-1.596],[0.902,-1.681],[0.64,-1.404],[0.646,-1.397],[0.64,-1.343],[0.562,-1.237],[0.394,-1.589],[0.345,-1.632],[0.301,-1.82],[-0.069,-1.712],[0.089,-1.027],[-0.038,-1.389],[-0.164,-1.507],[-0.315,-2.005],[-0.681,-2.006],[-0.834,-1.767],[-1.024,-1.543],[-0.846,-1.119],[-1.224,-1.681],[-1.592,-1.634],[-1.702,-1.759],[-2.009,-1.675],[-2.18,-1.836],[-2.506,-1.68],[-2.656,-1.705],[-2.889,-1.897],[-3.09,-1.558],[-2.026,-0.68],[-1.699,-0.844],[-1.425,-0.587],[-1.184,-0.581],[-0.949,-0.314],[-0.967,-0.307],[-1.111,-0.3],[-1.487,-0.341],[-1.669,0.135],[-1.563,-0.264],[-1.924,-0.385],[-2.149,-0.51],[-2.396,-0.372],[-2.422,-0.17],[-2.655,0.243],[-2.519,-0.171],[-2.904,-0.279],[-3.228,0.461],[-2.951,0.738],[-2.812,0.523],[-3.012,0.877],[-2.674,1.077],[-2.001,-0.114],[-2.196,0.445],[-1.856,0.646],[-1.827,0.568],[-1.739,0.67],[-1.856,0.815],[-1.579,1.093],[-1.317,0.777],[-1.101,0.707],[-0.944,0.349],[-0.81,0.345],[-1.055,0.769],[-0.86,1.043],[-0.515,1.154],[-0.442,0.988],[-0.115,1.093],[0.077,0.928],[-0.022,1.123],[0.317,1.324],[0.353,1.259],[0.317,1.354],[0.515,1.578],[0.84,1.694],[1.549,0.784],[1.21,0.584],[0.797,1.171],[1.056,0.491],[0.768,0.3],[0.74,0.08],[0.681,-0.175],[0.81,0.075],[1.097,0.108],[1.284,0.043],[1.423,0.075],[1.596,0.353],[1.732,0.442],[1.688,0.491],[1.454,1.06],[1.265,1.365],[1.01,1.724],[1.287,2.002],[1.375,1.878],[1.457,1.811],[1.796,1.955]],"c":true},"ix":2},"nm":"Path 7","mn":"ADBE Vector Shape - Group","hd":false},{"ty":"mm","mm":1,"nm":"Merge Paths 1","mn":"ADBE Vector Filter - Merge","hd":false},{"ty":"fl","c":{"a":0,"k":[0.754987948549,0.079350647272,0.070333054486,1],"ix":4},"o":{"a":0,"k":100,"ix":5},"r":1,"bm":0,"nm":"Fill 1","mn":"ADBE Vector Graphic - Fill","hd":false},{"ty":"tr","p":{"a":0,"k":[8.503,2.437],"ix":2},"a":{"a":0,"k":[0,0],"ix":1},"s":{"a":0,"k":[100,100],"ix":3},"r":{"a":0,"k":0,"ix":6},"o":{"a":0,"k":100,"ix":7},"sk":{"a":0,"k":0,"ix":4},"sa":{"a":0,"k":0,"ix":5},"nm":"Transform"}],"nm":"Group 3","np":9,"cix":2,"bm":0,"ix":3,"mn":"ADBE Vector Group","hd":false},{"ty":"gr","it":[{"ind":0,"ty":"sh","ix":1,"ks":{"a":0,"k":{"i":[[0.036,-0.073],[-0.002,0.07],[-0.071,0]],"o":[[0.006,-0.069],[0.03,0.045],[-0.072,0]],"v":[[0.132,0.307],[0.14,0.096],[0.286,0.176]],"c":true},"ix":2},"nm":"Path 1","mn":"ADBE Vector Shape - Group","hd":false},{"ind":1,"ty":"sh","ix":2,"ks":{"a":0,"k":{"i":[[0.105,-0.203],[-0.022,0.078],[-0.01,0.01],[0.027,0.062],[-0.007,0.033],[0.004,0.023],[-0.007,0.009],[0.004,0.097],[-0.015,-0.002],[-0.043,0.056],[-0.011,-0.003],[0,-0.011],[0.004,-0.074],[0.056,-0.112]],"o":[[0.026,-0.077],[0.01,-0.011],[0.066,-0.066],[0.008,-0.033],[0.005,-0.027],[0.007,-0.008],[0.123,0.005],[0.013,0.001],[0.088,0.016],[0.011,0.004],[-0.001,0.011],[0.003,0.078],[-0.086,-0.055],[-0.108,0.202]],"v":[[-1.182,0.368],[-1.116,0.133],[-1.087,0.099],[-1.052,-0.099],[-1.025,-0.194],[-1.039,-0.261],[-1.021,-0.288],[-0.843,-0.475],[-0.809,-0.471],[-0.618,-0.555],[-0.584,-0.544],[-0.594,-0.518],[-0.613,-0.299],[-0.871,-0.24]],"c":true},"ix":2},"nm":"Path 2","mn":"ADBE Vector Shape - Group","hd":false},{"ind":2,"ty":"sh","ix":3,"ks":{"a":0,"k":{"i":[[-0.077,0.262],[0.129,-0.103],[0.056,-0.213],[0.001,-0.006],[0.058,-0.121],[0.075,-0.188],[0.01,-0.027],[-0.012,0.068],[0.046,-0.231],[0.132,-0.238],[0.038,0.256],[0.077,0],[0,0],[0.029,-0.054],[0.082,-0.12],[0.002,0.103],[-0.105,-0.043],[-0.025,0.094],[-0.107,-0.047],[0.094,0.138],[-0.133,-0.026],[-0.043,0.048],[-0.172,-0.069],[-0.056,0.062],[-0.116,-0.066],[0.231,0.123],[0.232,0.231],[-0.055,-0.17],[0.057,0.023],[0.054,-0.07],[0.187,0.151],[-0.161,-0.156],[0.033,0.02],[0.047,-0.086],[0.047,0.032],[0.055,-0.105],[0.076,0.071],[0.009,-0.138],[-0.023,-0.106],[0.033,0.007],[0.04,-0.063],[0.146,0.041],[0.007,-0.114],[0.102,-0.006],[-0.247,0.016],[-0.113,0.007],[-0.239,0.059],[-0.082,0.025],[0.04,-0.124],[-0.088,0.21],[-0.055,0.008],[-0.063,0.126],[-0.116,0.203],[-0.005,0.009],[-0.134,0.193],[-0.05,0.25],[0.048,-0.167],[-0.1,0.136],[-0.07,0.209],[-0.011,0.033],[-0.132,0.192],[-0.001,0.002],[-0.1,0.174],[-0.058,0.117],[-0.123,-0.003],[-0.109,0.181],[0.005,-0.015],[-0.061,0.231]],"o":[[0.063,-0.204],[-0.003,-0.204],[-0.001,0.005],[-0.084,-0.094],[-0.045,-0.148],[-0.01,0.027],[0.017,-0.062],[0.031,-0.247],[-0.059,0.27],[0.073,-0.235],[-0.016,-0.077],[0,0],[-0.079,0],[-0.037,-0.172],[0.008,-0.095],[0.086,0.048],[0.123,0.046],[0.102,0.049],[0.204,0.063],[0.108,0.04],[0.078,0.01],[0.172,0.079],[0.096,0.038],[0.103,0.07],[0.231,0.108],[-0.293,-0.154],[-0.16,-0.147],[-0.057,-0.024],[-0.105,-0.048],[-0.225,-0.048],[-0.196,-0.15],[-0.033,-0.019],[-0.109,-0.063],[-0.048,-0.03],[-0.113,-0.104],[-0.087,-0.044],[-0.139,-0.115],[-0.108,0.02],[-0.033,-0.008],[-0.092,-0.037],[-0.146,-0.035],[-0.136,-0.045],[-0.099,0.006],[-0.247,0.016],[0.116,-0.006],[-0.208,0.076],[0.081,-0.023],[-0.06,0.095],[-0.076,0.226],[0.043,0.029],[0.086,0.08],[-0.057,0.2],[0.004,-0.009],[-0.09,0.206],[0.153,-0.251],[0,0.178],[-0.04,0.216],[0.002,0.186],[0.01,-0.032],[-0.082,0.203],[0.001,-0.002],[0.025,0.158],[0.061,-0.115],[-0.055,0.142],[-0.009,0.176],[-0.005,0.014],[-0.076,0.231],[0.077,-0.262]],"v":[[2.413,0.345],[2.113,0.158],[1.75,0.099],[1.746,0.115],[1.453,0.137],[1.088,0.145],[1.048,0.223],[1.101,0.036],[0.717,-0.072],[0.435,0.663],[0.533,-0.072],[0.347,-0.21],[0.286,-0.21],[0.134,-0.112],[-0.202,-0.188],[-0.193,-0.486],[0.085,-0.348],[0.319,-0.47],[0.624,-0.318],[0.822,-0.626],[1.165,-0.518],[1.342,-0.592],[1.858,-0.363],[2.093,-0.43],[2.413,-0.225],[2.613,-0.564],[1.842,-1.134],[1.536,-0.935],[1.365,-1.011],[1.119,-0.943],[0.502,-1.227],[0.218,-0.961],[0.116,-1.011],[-0.142,-0.934],[-0.286,-1.026],[-0.59,-0.956],[-0.84,-1.119],[-1.178,-0.978],[-1.342,-0.742],[-1.441,-0.764],[-1.635,-0.691],[-2.073,-0.796],[-2.298,-0.613],[-2.597,-0.595],[-2.597,-0.21],[-2.255,-0.23],[-2.135,0.13],[-1.891,0.053],[-2.042,0.376],[-1.681,0.495],[-1.53,0.533],[-1.228,0.489],[-0.886,0.654],[-0.872,0.628],[-0.532,0.807],[-0.24,0.069],[-0.301,0.592],[0.028,0.756],[0.394,0.807],[0.422,0.71],[0.763,0.885],[0.766,0.879],[1.118,0.962],[1.287,0.609],[1.479,0.875],[1.825,0.995],[1.811,1.039],[2.181,1.147]],"c":true},"ix":2},"nm":"Path 3","mn":"ADBE Vector Shape - Group","hd":false},{"ty":"mm","mm":1,"nm":"Merge Paths 1","mn":"ADBE Vector Filter - Merge","hd":false},{"ty":"fl","c":{"a":0,"k":[0.754987948549,0.079350647272,0.070333054486,1],"ix":4},"o":{"a":0,"k":100,"ix":5},"r":1,"bm":0,"nm":"Fill 1","mn":"ADBE Vector Graphic - Fill","hd":false},{"ty":"tr","p":{"a":0,"k":[3.093,1.721],"ix":2},"a":{"a":0,"k":[0,0],"ix":1},"s":{"a":0,"k":[100,100],"ix":3},"r":{"a":0,"k":0,"ix":6},"o":{"a":0,"k":100,"ix":7},"sk":{"a":0,"k":0,"ix":4},"sa":{"a":0,"k":0,"ix":5},"nm":"Transform"}],"nm":"Group 4","np":5,"cix":2,"bm":0,"ix":4,"mn":"ADBE Vector Group","hd":false}],"ip":0,"op":79.000003217736,"st":0,"bm":0},{"ddd":0,"ind":16,"ty":4,"nm":"Layer 2 Outlines","sr":1,"ks":{"o":{"a":0,"k":100,"ix":11},"r":{"a":0,"k":0,"ix":10},"p":{"a":1,"k":[{"i":{"x":0.667,"y":1},"o":{"x":0.333,"y":0},"t":0,"s":[272.499,73.123,0],"to":[0,4.333,0],"ti":[0,0,0]},{"i":{"x":0.667,"y":1},"o":{"x":0.333,"y":0},"t":39,"s":[272.499,99.123,0],"to":[0,0,0],"ti":[0,4.333,0]},{"t":78.0000031770051,"s":[272.499,73.123,0]}],"ix":2},"a":{"a":0,"k":[18.896,18.63,0],"ix":1},"s":{"a":0,"k":[100,100,100],"ix":6}},"ao":0,"shapes":[{"ty":"gr","it":[{"ind":0,"ty":"sh","ix":1,"ks":{"a":0,"k":{"i":[[0,0],[-2.331,0.777],[-0.743,0.035],[-1.427,0.044],[-2.931,-0.367],[-1.408,-0.513],[-1.499,-0.003],[0.517,0.836],[3.23,0.608],[4.044,-0.937],[1.456,-0.621],[1,-2]],"o":[[1.678,-1.795],[0.758,-0.253],[1.426,-0.066],[2.976,-0.093],[1.487,0.185],[1.396,0.511],[-0.517,-0.836],[-1.868,-3.025],[-4.079,-0.767],[-1.528,0.354],[-1.46,0.623],[-1,2]],"v":[[-16.395,4.518],[-9.954,1.105],[-5.428,0.248],[-1.149,0.082],[7.592,0.738],[11.937,1.752],[16.395,3.391],[14.846,0.883],[6.046,-3.751],[-6.222,-3.519],[-10.999,-1.981],[-14.999,1.019]],"c":true},"ix":2},"nm":"Path 1","mn":"ADBE Vector Shape - Group","hd":false},{"ty":"st","c":{"a":0,"k":[0.097871645759,0.080222275678,0.083276127834,1],"ix":3},"o":{"a":0,"k":100,"ix":4},"w":{"a":0,"k":1,"ix":5},"lc":2,"lj":2,"bm":0,"nm":"Stroke 1","mn":"ADBE Vector Graphic - Stroke","hd":false},{"ty":"fl","c":{"a":0,"k":[0.259731158088,0.65429651597,0.166411291384,1],"ix":4},"o":{"a":0,"k":100,"ix":5},"r":1,"bm":0,"nm":"Fill 1","mn":"ADBE Vector Graphic - Fill","hd":false},{"ty":"tr","p":{"a":0,"k":[18.895,13.988],"ix":2},"a":{"a":0,"k":[0,0],"ix":1},"s":{"a":0,"k":[100,100],"ix":3},"r":{"a":0,"k":0,"ix":6},"o":{"a":0,"k":100,"ix":7},"sk":{"a":0,"k":0,"ix":4},"sa":{"a":0,"k":0,"ix":5},"nm":"Transform"}],"nm":"Group 1","np":3,"cix":2,"bm":0,"ix":1,"mn":"ADBE Vector Group","hd":false},{"ty":"gr","it":[{"ind":0,"ty":"sh","ix":1,"ks":{"a":0,"k":{"i":[[-0.681,1.075],[-0.701,0.37],[-0.525,0.109],[-1.844,-0.725],[-1.733,-1.988],[-1,0],[0.283,-0.878],[0.388,-0.121],[0.406,0.005],[1.081,0.015],[0.878,-0.084],[0.713,-0.02],[0.981,0.046],[1.99,0.135],[-0.037,0.167],[-0.176,0.654]],"o":[[0.424,-0.67],[0.475,-0.25],[1.939,-0.406],[1.712,0.674],[1.732,1.988],[0.714,0],[-0.125,0.386],[-0.387,0.122],[-1.081,-0.016],[-0.883,-0.012],[-0.711,0.068],[-0.982,0.028],[-1.993,-0.093],[0.13,0.008],[0.146,-0.662],[0.327,-1.22]],"v":[[-9.144,-2.125],[-7.489,-3.794],[-5.959,-4.274],[-0.102,-4.241],[4.743,-0.459],[10.744,4.541],[7.554,3.667],[6.679,4.446],[5.472,4.559],[2.23,4.514],[-0.416,4.575],[-2.545,4.794],[-5.484,4.593],[-11.458,4.83],[-11.01,3.408],[-10.533,1.43]],"c":true},"ix":2},"nm":"Path 1","mn":"ADBE Vector Shape - Group","hd":false},{"ty":"st","c":{"a":0,"k":[0.097871645759,0.080222275678,0.083276127834,1],"ix":3},"o":{"a":0,"k":100,"ix":4},"w":{"a":0,"k":1,"ix":5},"lc":2,"lj":2,"bm":0,"nm":"Stroke 1","mn":"ADBE Vector Graphic - Stroke","hd":false},{"ty":"fl","c":{"a":0,"k":[0.508438230028,0.768354587929,0.126268992705,1],"ix":4},"o":{"a":0,"k":100,"ix":5},"r":1,"bm":0,"nm":"Fill 1","mn":"ADBE Vector Graphic - Fill","hd":false},{"ty":"tr","p":{"a":0,"k":[18.153,7.466],"ix":2},"a":{"a":0,"k":[0,0],"ix":1},"s":{"a":0,"k":[100,100],"ix":3},"r":{"a":0,"k":0,"ix":6},"o":{"a":0,"k":100,"ix":7},"sk":{"a":0,"k":0,"ix":4},"sa":{"a":0,"k":0,"ix":5},"nm":"Transform"}],"nm":"Group 2","np":3,"cix":2,"bm":0,"ix":2,"mn":"ADBE Vector Group","hd":false},{"ty":"gr","it":[{"ind":0,"ty":"sh","ix":1,"ks":{"a":0,"k":{"i":[[0,0],[-1.956,-1.137],[-1.648,-1.55],[-0.666,-1.044],[-0.312,-2.035],[1.928,-2.078],[1.463,-0.505],[3.045,1.004],[1.287,2.054],[-1.538,4.895],[-1.78,0.968],[-0.869,0.207]],"o":[[2.235,-0.346],[1.957,1.137],[0.902,0.849],[1.108,1.736],[0.429,2.802],[-1.052,1.135],[-3.03,1.047],[-2.303,-0.759],[-2.723,-4.347],[0.607,-1.932],[0.786,-0.427],[0,0]],"v":[[-4.637,-13.196],[1.852,-11.714],[7.126,-7.467],[9.606,-4.713],[11.369,1.158],[10.159,9.27],[6.121,11.459],[-3.257,12.537],[-8.651,7.878],[-10.549,-6.919],[-7.121,-11.753],[-4.584,-12.6]],"c":false},"ix":2},"nm":"Path 1","mn":"ADBE Vector Shape - Group","hd":false},{"ty":"st","c":{"a":0,"k":[0.097871645759,0.080222275678,0.083276127834,1],"ix":3},"o":{"a":0,"k":100,"ix":4},"w":{"a":0,"k":1,"ix":5},"lc":2,"lj":1,"ml":10,"bm":0,"nm":"Stroke 1","mn":"ADBE Vector Graphic - Stroke","hd":false},{"ty":"tr","p":{"a":0,"k":[17.713,21.219],"ix":2},"a":{"a":0,"k":[0,0],"ix":1},"s":{"a":0,"k":[100,100],"ix":3},"r":{"a":0,"k":0,"ix":6},"o":{"a":0,"k":100,"ix":7},"sk":{"a":0,"k":0,"ix":4},"sa":{"a":0,"k":0,"ix":5},"nm":"Transform"}],"nm":"Group 3","np":2,"cix":2,"bm":0,"ix":3,"mn":"ADBE Vector Group","hd":false}],"ip":0,"op":79.000003217736,"st":0,"bm":0},{"ddd":0,"ind":17,"ty":4,"nm":"Layer 3 Outlines","sr":1,"ks":{"o":{"a":0,"k":100,"ix":11},"r":{"a":0,"k":0,"ix":10},"p":{"a":1,"k":[{"i":{"x":0.667,"y":1},"o":{"x":0.333,"y":0},"t":0,"s":[261.67,292.484,0],"to":[0,4.167,0],"ti":[0,0,0]},{"i":{"x":0.667,"y":1},"o":{"x":0.333,"y":0},"t":39,"s":[261.67,317.484,0],"to":[0,0,0],"ti":[0,4.167,0]},{"t":78.0000031770051,"s":[261.67,292.484,0]}],"ix":2},"a":{"a":0,"k":[115.205,111.624,0],"ix":1},"s":{"a":0,"k":[100,100,100],"ix":6}},"ao":0,"shapes":[{"ty":"gr","it":[{"ind":0,"ty":"sh","ix":1,"ks":{"a":0,"k":{"i":[[0,0],[0,0],[-2.674,-0.672],[-2.446,-0.105],[-7.031,0.493],[-6.14,-2.728],[-1.613,-0.244],[-2.308,1.006],[-1.885,-0.746],[-2.467,-1.928],[-1.177,-0.671],[-6.486,0.973],[-2.819,1.95],[-0.748,-2.388],[-3.031,-7.279],[0.613,-15.235],[-2.698,2.862],[3.426,-1.717],[-1.432,-1.65],[0.271,-0.719],[1.212,0.886],[1.204,0.656],[-0.705,-1.898],[1.397,-1.468],[0.472,2.375],[2.41,0.229],[-0.032,-3.348],[1.7,-3.263],[0.914,-3.098],[4.03,-6.438],[1.785,-1.628],[1.667,-2.181],[0.518,-6.67],[0.861,-0.691],[1.139,-0.154],[1.002,-0.042],[1.664,0.859],[2.836,0.778],[1.852,-0.518],[0.825,-1.396],[-1.21,-1.079],[-0.706,-0.249],[0,0],[-0.261,-0.607],[-0.746,-1.207],[-0.594,-0.057],[-0.506,-0.314],[0.438,-0.403],[0.217,-0.045],[1.641,-0.521],[1.572,0.021],[0.73,0.381],[0.072,0.546],[-0.147,0.311],[7.203,-2.194],[10.4,-0.37],[18.53,-5.661],[1.227,0.479],[0.539,2.781],[3.07,3.532],[3.463,19.458],[1.436,3.058],[0.876,0.496],[2.058,-1.077],[-0.384,2.29],[0,0],[0,0],[-0.224,-0.436],[-2.799,-2.324],[-0.962,0.558],[0.613,1.085],[-1.206,7.318],[-2.223,8.812],[-1.24,3.092],[-3.661,6.261],[-0.084,1.53],[3.256,-1.133],[0.665,0.023],[-0.012,0.666],[-0.083,0.209],[-0.942,2.348],[-0.898,-0.374],[-0.214,-0.364],[-0.391,0.433],[-0.841,0.872],[0.074,-0.491],[-0.483,-1.141],[-1.687,-0.948],[-1.98,0.213],[-1.201,2.017],[-2.689,1.094],[-1.054,0.428],[-2.431,3.35],[-0.667,2.287],[-1.945,3.437]],"o":[[0,0],[2.453,1.259],[2.375,0.595],[7.041,0.304],[6.611,-0.464],[1.492,0.662],[2.492,0.375],[0.411,2.142],[2.747,1.087],[1.067,0.834],[5.291,3.017],[3.388,-0.508],[-1.987,1.374],[2.381,7.592],[5.878,14.114],[3.209,-2.273],[1.772,3.398],[1.572,1.301],[0.503,0.58],[-0.586,1.552],[-1.107,-0.811],[-0.668,1.913],[0.706,1.9],[-1.963,-1.417],[-0.471,-2.375],[-0.778,3.256],[0.036,3.793],[-1.454,2.794],[-2.149,7.284],[-1.281,2.049],[-2.028,1.851],[-4.109,5.378],[-0.086,1.1],[-1.463,1.175],[-0.918,0.125],[-1.895,0.078],[-2.614,-1.35],[-1.854,-0.509],[-1.56,0.439],[-0.824,1.394],[0.559,0.498],[0,0],[0.622,0.22],[0.561,1.303],[0.312,0.506],[0.593,0.057],[0.507,0.315],[-0.162,0.15],[-1.684,0.35],[-1.498,0.477],[-0.822,-0.01],[-0.487,-0.255],[-0.046,-0.341],[3.543,-7.597],[-9.518,2.9],[-19.029,0.677],[-1.26,0.384],[-3.76,-1.467],[-0.88,-4.542],[-12.685,-14.594],[-0.592,-3.327],[-0.427,-0.909],[-2.022,-1.145],[-2.059,1.076],[0,0],[0,0],[-0.009,-0.489],[1.653,3.24],[0.683,0.568],[1.077,-0.626],[-4.232,-7.496],[1.477,-8.968],[0.814,-3.231],[2.7,-6.731],[0.774,-1.323],[-2.327,-2.543],[-0.628,0.219],[-0.665,-0.022],[0.005,-0.224],[0.943,-2.348],[0.362,-0.903],[0.186,0.383],[0.295,0.503],[0.713,-0.788],[0.345,-0.358],[-0.186,1.244],[0.754,1.782],[1.735,0.976],[2.495,-0.268],[1.34,-2.25],[1.054,-0.428],[3.834,-1.559],[1.399,-1.928],[1.105,-3.791],[0,0]],"v":[[-41.553,-109.124],[-30.764,-103.585],[-23.157,-100.385],[-11.17,-99.984],[5.261,-99.462],[24.89,-98.332],[29.561,-96.938],[36.83,-96.984],[40.984,-92.959],[48.532,-88.991],[51.886,-86.713],[70.006,-79.908],[79.26,-84.174],[83.894,-62.334],[93.067,-40.74],[100.842,4.797],[109.731,-2.931],[106.551,6.896],[111.975,9.651],[112.433,11.771],[108.581,12.233],[105.475,9.553],[106.43,15.419],[106.153,21.168],[103.399,14.652],[99.245,9.32],[99.894,19.286],[96.515,29.571],[93.542,38.267],[84.223,58.98],[79.769,64.671],[73.553,70.04],[71.575,89.829],[70.154,92.683],[66.557,92.84],[63.834,93.564],[58.374,92.148],[50.554,88.122],[44.855,88.137],[40.949,90.829],[41.403,95.292],[43.394,96.299],[50.955,98.965],[52.527,100.07],[51.964,104.122],[53.523,104.855],[55.252,105.224],[55.584,106.73],[54.981,106.991],[49.851,107.314],[45.541,109.104],[43.226,108.323],[42.119,107.188],[42.38,106.204],[31.361,94.215],[3.895,102.993],[-52.048,95.409],[-55.902,95.312],[-59.081,88.221],[-64.783,77.023],[-95.758,28.874],[-98.792,19.243],[-100.618,16.899],[-107.039,18.58],[-112.321,16.743],[-109.831,16.377],[-110.023,5.886],[-109.157,5.675],[-102.389,14.141],[-99.921,14.722],[-99.177,11.565],[-100.356,-8.509],[-94.737,-35.179],[-91.808,-44.725],[-81.099,-63.633],[-79.479,-67.887],[-88.949,-70.28],[-90.871,-69.791],[-92.238,-70.962],[-92.065,-71.61],[-89.237,-78.654],[-87.2,-80.279],[-86.537,-79.177],[-85.141,-79.05],[-82.981,-81.469],[-82.111,-81.038],[-81.838,-77.4],[-77.597,-73.599],[-71.998,-71.827],[-66.607,-76.177],[-62.56,-81.094],[-59.397,-82.379],[-49.096,-89.001],[-46.287,-95.533],[-42.261,-106.644]],"c":true},"ix":2},"nm":"Path 1","mn":"ADBE Vector Shape - Group","hd":false},{"ty":"st","c":{"a":0,"k":[0.097871645759,0.080222275678,0.083276127834,1],"ix":3},"o":{"a":0,"k":100,"ix":4},"w":{"a":0,"k":1,"ix":5},"lc":2,"lj":1,"ml":10,"bm":0,"nm":"Stroke 1","mn":"ADBE Vector Graphic - Stroke","hd":false},{"ty":"tr","p":{"a":0,"k":[115.205,111.624],"ix":2},"a":{"a":0,"k":[0,0],"ix":1},"s":{"a":0,"k":[100,100],"ix":3},"r":{"a":0,"k":0,"ix":6},"o":{"a":0,"k":100,"ix":7},"sk":{"a":0,"k":0,"ix":4},"sa":{"a":0,"k":0,"ix":5},"nm":"Transform"}],"nm":"Group 1","np":2,"cix":2,"bm":0,"ix":1,"mn":"ADBE Vector Group","hd":false}],"ip":0,"op":79.000003217736,"st":0,"bm":0},{"ddd":0,"ind":18,"ty":4,"nm":"Shape Layer 1","sr":1,"ks":{"o":{"a":0,"k":100,"ix":11},"r":{"a":0,"k":0,"ix":10},"p":{"a":0,"k":[250,250,0],"ix":2},"a":{"a":0,"k":[0,0,0],"ix":1},"s":{"a":0,"k":[100,100,100],"ix":6}},"ao":0,"shapes":[{"ty":"gr","it":[{"ty":"rc","d":1,"s":{"a":0,"k":[532,525],"ix":2},"p":{"a":0,"k":[0,0],"ix":3},"r":{"a":0,"k":0,"ix":4},"nm":"Rectangle Path 1","mn":"ADBE Vector Shape - Rect","hd":false},{"ty":"st","c":{"a":0,"k":[0.270587995941,0.270587995941,0.270587995941,1],"ix":3},"o":{"a":0,"k":100,"ix":4},"w":{"a":0,"k":3,"ix":5},"lc":1,"lj":1,"ml":4,"bm":0,"nm":"Stroke 1","mn":"ADBE Vector Graphic - Stroke","hd":false},{"ty":"fl","c":{"a":0,"k":[1,1,1,1],"ix":4},"o":{"a":0,"k":100,"ix":5},"r":1,"bm":0,"nm":"Fill 1","mn":"ADBE Vector Graphic - Fill","hd":false},{"ty":"tr","p":{"a":0,"k":[3,1.5],"ix":2},"a":{"a":0,"k":[0,0],"ix":1},"s":{"a":0,"k":[100,100],"ix":3},"r":{"a":0,"k":0,"ix":6},"o":{"a":0,"k":100,"ix":7},"sk":{"a":0,"k":0,"ix":4},"sa":{"a":0,"k":0,"ix":5},"nm":"Transform"}],"nm":"Rectangle 1","np":3,"cix":2,"bm":0,"ix":1,"mn":"ADBE Vector Group","hd":false}],"ip":0,"op":660.000026882351,"st":0,"bm":0}],"markers":[]}